model,feature_set,repeat,fold,accuracy,balanced_accuracy,macro_precision,macro_recall,macro_f1,mcc
LR,combined,0,0,0.75,0.7936507936507936,0.7777777777777778,0.7936507936507936,0.7802197802197802,0.5886020116850139
NB,combined,0,0,0.75,0.6746031746031745,0.8055555555555555,0.6746031746031745,0.7111111111111111,0.541162769282166
kNN,combined,0,0,0.75,0.6746031746031745,0.8055555555555555,0.6746031746031745,0.7111111111111111,0.541162769282166
DT,combined,0,0,0.6666666666666666,0.8095238095238094,0.8095238095238096,0.8095238095238094,0.7333333333333334,0.6097560975609756
RF,combined,0,0,0.8333333333333334,0.8412698412698413,0.8412698412698413,0.8412698412698413,0.8412698412698413,0.7073170731707317
SVM,combined,0,0,0.8333333333333334,0.8412698412698413,0.8412698412698413,0.8412698412698413,0.8412698412698413,0.7073170731707317
AB,combined,0,0,0.8333333333333334,0.8412698412698413,0.8412698412698413,0.8412698412698413,0.8412698412698413,0.7073170731707317
GBT,combined,0,0,0.9166666666666666,0.8888888888888888,0.9583333333333334,0.8888888888888888,0.9111111111111111,0.8589556903873333
LR,combined,0,1,1.0,1.0,1.0,1.0,1.0,1.0
NB,combined,0,1,1.0,1.0,1.0,1.0,1.0,1.0
kNN,combined,0,1,0.8333333333333334,0.8472222222222222,0.7916666666666666,0.8472222222222222,0.7805555555555556,0.6761234037828132
DT,combined,0,1,0.8333333333333334,0.7777777777777777,0.9333333333333332,0.7777777777777777,0.7962962962962963,0.6639400022069858
RF,combined,0,1,1.0,1.0,1.0,1.0,1.0,1.0
SVM,combined,0,1,0.9166666666666666,0.9583333333333334,0.8333333333333334,0.9583333333333334,0.8666666666666666,0.8579409756912387
AB,combined,0,1,1.0,1.0,1.0,1.0,1.0,1.0
GBT,combined,0,1,1.0,1.0,1.0,1.0,1.0,1.0
LR,combined,0,2,1.0,1.0,1.0,1.0,1.0,1.0
NB,combined,0,2,0.9166666666666666,0.6666666666666666,0.6296296296296297,0.6666666666666666,0.6470588235294118,0.8295150620062531
kNN,combined,0,2,0.9166666666666666,0.6666666666666666,0.6296296296296297,0.6666666666666666,0.6470588235294118,0.8295150620062531
DT,combined,0,2,1.0,1.0,1.0,1.0,1.0,1.0
RF,combined,0,2,1.0,1.0,1.0,1.0,1.0,1.0
SVM,combined,0,2,1.0,1.0,1.0,1.0,1.0,1.0
AB,combined,0,2,1.0,1.0,1.0,1.0,1.0,1.0
GBT,combined,0,2,1.0,1.0,1.0,1.0,1.0,1.0
LR,combined,0,3,1.0,1.0,1.0,1.0,1.0,1.0
NB,combined,0,3,0.9166666666666666,0.9166666666666666,0.9583333333333334,0.9166666666666666,0.9301587301587301,0.8525978400882076
kNN,combined,0,3,0.9166666666666666,0.9166666666666666,0.9583333333333334,0.9166666666666666,0.9301587301587301,0.8525978400882076
DT,combined,0,3,1.0,1.0,1.0,1.0,1.0,1.0
RF,combined,0,3,1.0,1.0,1.0,1.0,1.0,1.0
SVM,combined,0,3,0.9166666666666666,0.9523809523809524,0.9333333333333332,0.9523809523809524,0.9373219373219372,0.8627696576586129
AB,combined,0,3,1.0,1.0,1.0,1.0,1.0,1.0
GBT,combined,0,3,1.0,1.0,1.0,1.0,1.0,1.0
LR,combined,0,4,0.9166666666666666,0.9523809523809524,0.8333333333333334,0.9523809523809524,0.8632478632478632,0.8690481892534816
NB,combined,0,4,0.8333333333333334,0.6190476190476191,0.5523809523809523,0.6190476190476191,0.582010582010582,0.6901982514999776
kNN,combined,0,4,0.8333333333333334,0.8690476190476191,0.7857142857142857,0.8690476190476191,0.7936507936507936,0.7127227606745064
DT,combined,0,4,0.8333333333333334,0.9047619047619048,0.8888888888888888,0.9047619047619048,0.8777777777777778,0.7502344849205329
RF,combined,0,4,1.0,1.0,1.0,1.0,1.0,1.0
SVM,combined,0,4,1.0,1.0,1.0,1.0,1.0,1.0
AB,combined,0,4,0.8333333333333334,0.9047619047619048,0.8888888888888888,0.9047619047619048,0.8777777777777778,0.7502344849205329
GBT,combined,0,4,1.0,1.0,1.0,1.0,1.0,1.0
LR,combined,1,0,0.8333333333333334,0.9047619047619048,0.8666666666666667,0.9047619047619048,0.8611111111111112,0.768273325346536
NB,combined,1,0,0.9166666666666666,0.9523809523809524,0.9166666666666666,0.9523809523809524,0.9267399267399267,0.8711309772938205
kNN,combined,1,0,0.6666666666666666,0.626984126984127,0.7380952380952381,0.626984126984127,0.6507936507936508,0.4126289667062931
DT,combined,1,0,0.75,0.8571428571428571,0.8333333333333334,0.8571428571428571,0.7979797979797979,0.6827783335546161
RF,combined,1,0,0.9166666666666666,0.9523809523809524,0.9166666666666666,0.9523809523809524,0.9267399267399267,0.8711309772938205
SVM,combined,1,0,0.9166666666666666,0.9523809523809524,0.9166666666666666,0.9523809523809524,0.9267399267399267,0.8711309772938205
AB,combined,1,0,0.9166666666666666,0.9523809523809524,0.9166666666666666,0.9523809523809524,0.9267399267399267,0.8711309772938205
GBT,combined,1,0,1.0,1.0,1.0,1.0,1.0,1.0
LR,combined,1,1,0.9166666666666666,0.9583333333333334,0.8333333333333334,0.9583333333333334,0.8666666666666666,0.8579409756912387
NB,combined,1,1,0.8333333333333334,0.625,0.5416666666666666,0.625,0.5773809523809524,0.6573757351339165
kNN,combined,1,1,0.9166666666666666,0.9583333333333334,0.8333333333333334,0.9583333333333334,0.8666666666666666,0.8579409756912387
DT,combined,1,1,0.8333333333333334,0.7777777777777777,0.9333333333333332,0.7777777777777777,0.7962962962962963,0.6639400022069858
RF,combined,1,1,1.0,1.0,1.0,1.0,1.0,1.0
SVM,combined,1,1,1.0,1.0,1.0,1.0,1.0,1.0
AB,combined,1,1,0.9166666666666666,0.9583333333333334,0.9166666666666666,0.9583333333333334,0.9301587301587301,0.8525978400882076
GBT,combined,1,1,0.9166666666666666,0.8888888888888888,0.9629629629629629,0.8888888888888888,0.9137254901960784,0.8317883872610065
LR,combined,1,2,1.0,1.0,1.0,1.0,1.0,1.0
NB,combined,1,2,1.0,1.0,1.0,1.0,1.0,1.0
kNN,combined,1,2,1.0,1.0,1.0,1.0,1.0,1.0
DT,combined,1,2,1.0,1.0,1.0,1.0,1.0,1.0
RF,combined,1,2,1.0,1.0,1.0,1.0,1.0,1.0
SVM,combined,1,2,1.0,1.0,1.0,1.0,1.0,1.0
AB,combined,1,2,0.9166666666666666,0.9583333333333334,0.9166666666666666,0.9583333333333334,0.9301587301587301,0.8525978400882076
GBT,combined,1,2,1.0,1.0,1.0,1.0,1.0,1.0
LR,combined,1,3,0.8333333333333334,0.8690476190476191,0.7857142857142857,0.8690476190476191,0.7936507936507936,0.7127227606745064
NB,combined,1,3,0.9166666666666666,0.6666666666666666,0.625,0.6666666666666666,0.6444444444444445,0.8492077756084467
kNN,combined,1,3,0.8333333333333334,0.8690476190476191,0.7857142857142857,0.8690476190476191,0.7936507936507936,0.7127227606745064
DT,combined,1,3,0.9166666666666666,0.9166666666666666,0.9583333333333334,0.9166666666666666,0.9301587301587301,0.8525978400882076
RF,combined,1,3,0.9166666666666666,0.9166666666666666,0.9583333333333334,0.9166666666666666,0.9301587301587301,0.8525978400882076
SVM,combined,1,3,0.8333333333333334,0.8690476190476191,0.7857142857142857,0.8690476190476191,0.7936507936507936,0.7127227606745064
AB,combined,1,3,0.9166666666666666,0.9166666666666666,0.9583333333333334,0.9166666666666666,0.9301587301587301,0.8525978400882076
GBT,combined,1,3,0.9166666666666666,0.9166666666666666,0.9583333333333334,0.9166666666666666,0.9301587301587301,0.8525978400882076
LR,combined,1,4,1.0,1.0,1.0,1.0,1.0,1.0
NB,combined,1,4,0.8333333333333334,0.5833333333333334,0.5925925925925926,0.5833333333333334,0.5773809523809524,0.6933752452815364
kNN,combined,1,4,0.75,0.5,0.5666666666666667,0.5,0.49673202614379086,0.5370861555295747
DT,combined,1,4,0.8333333333333334,0.9047619047619048,0.8888888888888888,0.9047619047619048,0.8777777777777778,0.7502344849205329
RF,combined,1,4,1.0,1.0,1.0,1.0,1.0,1.0
SVM,combined,1,4,1.0,1.0,1.0,1.0,1.0,1.0
AB,combined,1,4,1.0,1.0,1.0,1.0,1.0,1.0
GBT,combined,1,4,1.0,1.0,1.0,1.0,1.0,1.0
LR,combined,2,0,0.8333333333333334,0.9047619047619048,0.8666666666666667,0.9047619047619048,0.8611111111111112,0.768273325346536
NB,combined,2,0,0.9166666666666666,0.8333333333333334,0.9583333333333334,0.8333333333333334,0.8666666666666666,0.8579409756912387
kNN,combined,2,0,0.8333333333333334,0.7857142857142857,0.8690476190476191,0.7857142857142857,0.7936507936507936,0.7127227606745064
DT,combined,2,0,0.8333333333333334,0.9047619047619048,0.8666666666666667,0.9047619047619048,0.8611111111111112,0.768273325346536
RF,combined,2,0,0.8333333333333334,0.9047619047619048,0.8666666666666667,0.9047619047619048,0.8611111111111112,0.768273325346536
SVM,combined,2,0,0.75,0.8571428571428571,0.8333333333333334,0.8571428571428571,0.7979797979797979,0.6827783335546161
AB,combined,2,0,0.8333333333333334,0.9047619047619048,0.8666666666666667,0.9047619047619048,0.8611111111111112,0.768273325346536
GBT,combined,2,0,1.0,1.0,1.0,1.0,1.0,1.0
LR,combined,2,1,0.9166666666666666,0.9583333333333334,0.8333333333333334,0.9583333333333334,0.8666666666666666,0.8579409756912387
NB,combined,2,1,0.8333333333333334,0.625,0.5416666666666666,0.625,0.5773809523809524,0.6573757351339165
kNN,combined,2,1,0.8333333333333334,0.8472222222222222,0.7916666666666666,0.8472222222222222,0.7805555555555556,0.6761234037828132
DT,combined,2,1,0.8333333333333334,0.7777777777777777,0.9333333333333332,0.7777777777777777,0.7962962962962963,0.6639400022069858
RF,combined,2,1,0.9166666666666666,0.9583333333333334,0.8333333333333334,0.9583333333333334,0.8666666666666666,0.8579409756912387
SVM,combined,2,1,1.0,1.0,1.0,1.0,1.0,1.0
AB,combined,2,1,0.9166666666666666,0.9583333333333334,0.9166666666666666,0.9583333333333334,0.9301587301587301,0.8525978400882076
GBT,combined,2,1,1.0,1.0,1.0,1.0,1.0,1.0
LR,combined,2,2,0.8333333333333334,0.8472222222222222,0.8472222222222222,0.8472222222222222,0.8472222222222222,0.6571428571428571
NB,combined,2,2,0.9166666666666666,0.9583333333333334,0.9166666666666666,0.9583333333333334,0.9301587301587301,0.8525978400882076
kNN,combined,2,2,0.9166666666666666,0.8888888888888888,0.9629629629629629,0.8888888888888888,0.9137254901960784,0.8317883872610065
DT,combined,2,2,0.9166666666666666,0.8888888888888888,0.9629629629629629,0.8888888888888888,0.9137254901960784,0.8317883872610065
RF,combined,2,2,0.9166666666666666,0.8888888888888888,0.9629629629629629,0.8888888888888888,0.9137254901960784,0.8317883872610065
SVM,combined,2,2,0.8333333333333334,0.8472222222222222,0.8472222222222222,0.8472222222222222,0.8472222222222222,0.6571428571428571
AB,combined,2,2,0.9166666666666666,0.8888888888888888,0.9629629629629629,0.8888888888888888,0.9137254901960784,0.8317883872610065
GBT,combined,2,2,0.9166666666666666,0.8888888888888888,0.9629629629629629,0.8888888888888888,0.9137254901960784,0.8317883872610065
LR,combined,2,3,1.0,1.0,1.0,1.0,1.0,1.0
NB,combined,2,3,0.8333333333333334,0.5833333333333334,0.5925925925925926,0.5833333333333334,0.5773809523809524,0.6933752452815364
kNN,combined,2,3,0.9166666666666666,0.9166666666666666,0.9583333333333334,0.9166666666666666,0.9301587301587301,0.8525978400882076
DT,combined,2,3,0.75,0.7857142857142857,0.8055555555555555,0.7857142857142857,0.7904761904761904,0.5277986629117476
RF,combined,2,3,1.0,1.0,1.0,1.0,1.0,1.0
SVM,combined,2,3,1.0,1.0,1.0,1.0,1.0,1.0
AB,combined,2,3,1.0,1.0,1.0,1.0,1.0,1.0
GBT,combined,2,3,1.0,1.0,1.0,1.0,1.0,1.0
LR,combined,2,4,1.0,1.0,1.0,1.0,1.0,1.0
NB,combined,2,4,1.0,1.0,1.0,1.0,1.0,1.0
kNN,combined,2,4,0.75,0.5357142857142857,0.5833333333333334,0.5357142857142857,0.5523809523809523,0.5277986629117476
DT,combined,2,4,1.0,1.0,1.0,1.0,1.0,1.0
RF,combined,2,4,1.0,1.0,1.0,1.0,1.0,1.0
SVM,combined,2,4,0.9166666666666666,0.9523809523809524,0.8333333333333334,0.9523809523809524,0.8632478632478632,0.8690481892534816
AB,combined,2,4,1.0,1.0,1.0,1.0,1.0,1.0
GBT,combined,2,4,1.0,1.0,1.0,1.0,1.0,1.0
LR,combined,3,0,0.9166666666666666,0.9523809523809524,0.8888888888888888,0.9523809523809524,0.9076923076923077,0.8730378697119727
NB,combined,3,0,0.8333333333333334,0.6666666666666666,0.5925925925925926,0.6666666666666666,0.625,0.7213357077339458
kNN,combined,3,0,0.75,0.6746031746031745,0.75,0.6746031746031745,0.7000000000000001,0.5466081666101212
DT,combined,3,0,1.0,1.0,1.0,1.0,1.0,1.0
RF,combined,3,0,1.0,1.0,1.0,1.0,1.0,1.0
SVM,combined,3,0,1.0,1.0,1.0,1.0,1.0,1.0
AB,combined,3,0,1.0,1.0,1.0,1.0,1.0,1.0
GBT,combined,3,0,1.0,1.0,1.0,1.0,1.0,1.0
LR,combined,3,1,0.75,0.5138888888888888,0.48148148148148145,0.5138888888888888,0.49673202614379086,0.43915503282683993
NB,combined,3,1,0.9166666666666666,0.9583333333333334,0.9166666666666666,0.9583333333333334,0.9301587301587301,0.8525978400882076
kNN,combined,3,1,0.8333333333333334,0.5555555555555555,0.6,0.5555555555555555,0.562962962962963,0.6425396041156863
DT,combined,3,1,0.8333333333333334,0.8472222222222222,0.8472222222222222,0.8472222222222222,0.8472222222222222,0.6571428571428571
RF,combined,3,1,0.9166666666666666,0.8888888888888888,0.9629629629629629,0.8888888888888888,0.9137254901960784,0.8317883872610065
SVM,combined,3,1,0.75,0.8055555555555555,0.7857142857142857,0.8055555555555555,0.7904761904761904,0.5277986629117476
AB,combined,3,1,0.8333333333333334,0.8472222222222222,0.8472222222222222,0.8472222222222222,0.8472222222222222,0.6571428571428571
GBT,combined,3,1,0.9166666666666666,0.8888888888888888,0.9629629629629629,0.8888888888888888,0.9137254901960784,0.8317883872610065
LR,combined,3,2,1.0,1.0,1.0,1.0,1.0,1.0
NB,combined,3,2,0.9166666666666666,0.6666666666666666,0.6296296296296297,0.6666666666666666,0.6470588235294118,0.8295150620062531
kNN,combined,3,2,0.9166666666666666,0.8888888888888888,0.9629629629629629,0.8888888888888888,0.9137254901960784,0.8317883872610065
DT,combined,3,2,1.0,1.0,1.0,1.0,1.0,1.0
RF,combined,3,2,0.9166666666666666,0.8888888888888888,0.9629629629629629,0.8888888888888888,0.9137254901960784,0.8317883872610065
SVM,combined,3,2,1.0,1.0,1.0,1.0,1.0,1.0
AB,combined,3,2,1.0,1.0,1.0,1.0,1.0,1.0
GBT,combined,3,2,1.0,1.0,1.0,1.0,1.0,1.0
LR,combined,3,3,1.0,1.0,1.0,1.0,1.0,1.0
NB,combined,3,3,0.9166666666666666,0.9166666666666666,0.9583333333333334,0.9166666666666666,0.9301587301587301,0.8525978400882076
kNN,combined,3,3,0.9166666666666666,0.9166666666666666,0.9583333333333334,0.9166666666666666,0.9301587301587301,0.8525978400882076
DT,combined,3,3,0.9166666666666666,0.9523809523809524,0.9333333333333332,0.9523809523809524,0.9373219373219372,0.8627696576586129
RF,combined,3,3,1.0,1.0,1.0,1.0,1.0,1.0
SVM,combined,3,3,1.0,1.0,1.0,1.0,1.0,1.0
AB,combined,3,3,1.0,1.0,1.0,1.0,1.0,1.0
GBT,combined,3,3,1.0,1.0,1.0,1.0,1.0,1.0
LR,combined,3,4,0.9166666666666666,0.9523809523809524,0.8333333333333334,0.9523809523809524,0.8632478632478632,0.8690481892534816
NB,combined,3,4,0.9166666666666666,0.9523809523809524,0.9333333333333332,0.9523809523809524,0.9373219373219372,0.8627696576586129
kNN,combined,3,4,0.9166666666666666,0.9166666666666666,0.9583333333333334,0.9166666666666666,0.9301587301587301,0.8525978400882076
DT,combined,3,4,0.75,0.7857142857142857,0.8055555555555555,0.7857142857142857,0.7904761904761904,0.5277986629117476
RF,combined,3,4,0.8333333333333334,0.8333333333333334,0.9259259259259259,0.8333333333333334,0.8472222222222222,0.7136412401400631
SVM,combined,3,4,1.0,1.0,1.0,1.0,1.0,1.0
AB,combined,3,4,0.75,0.7857142857142857,0.8055555555555555,0.7857142857142857,0.7904761904761904,0.5277986629117476
GBT,combined,3,4,0.75,0.75,0.9,0.75,0.7411764705882353,0.5765566601970551
LR,combined,4,0,0.9166666666666666,0.8888888888888888,0.9583333333333334,0.8888888888888888,0.9111111111111111,0.8589556903873333
NB,combined,4,0,0.8333333333333334,0.7857142857142857,0.8690476190476191,0.7857142857142857,0.7936507936507936,0.7127227606745064
kNN,combined,4,0,0.8333333333333334,0.7222222222222222,0.9259259259259259,0.7222222222222222,0.7805555555555556,0.7105181184430335
DT,combined,4,0,0.75,0.6666666666666666,0.5666666666666667,0.6666666666666666,0.6078431372549019,0.5936657514041415
RF,combined,4,0,0.9166666666666666,0.8888888888888888,0.9583333333333334,0.8888888888888888,0.9111111111111111,0.8589556903873333
SVM,combined,4,0,0.9166666666666666,0.8888888888888888,0.9583333333333334,0.8888888888888888,0.9111111111111111,0.8589556903873333
AB,combined,4,0,0.9166666666666666,0.8888888888888888,0.9583333333333334,0.8888888888888888,0.9111111111111111,0.8589556903873333
GBT,combined,4,0,0.75,0.6666666666666666,0.5666666666666667,0.6666666666666666,0.6078431372549019,0.5936657514041415
LR,combined,4,1,0.9166666666666666,0.6666666666666666,0.6296296296296297,0.6666666666666666,0.6470588235294118,0.8295150620062531
NB,combined,4,1,1.0,1.0,1.0,1.0,1.0,1.0
kNN,combined,4,1,0.8333333333333334,0.5555555555555555,0.6,0.5555555555555555,0.562962962962963,0.6425396041156863
DT,combined,4,1,0.8333333333333334,0.9166666666666666,0.8666666666666667,0.9166666666666666,0.8690476190476191,0.7391491482878365
RF,combined,4,1,0.9166666666666666,0.8888888888888888,0.9629629629629629,0.8888888888888888,0.9137254901960784,0.8317883872610065
SVM,combined,4,1,0.9166666666666666,0.6666666666666666,0.6296296296296297,0.6666666666666666,0.6470588235294118,0.8295150620062531
AB,combined,4,1,0.8333333333333334,0.7777777777777777,0.9333333333333332,0.7777777777777777,0.7962962962962963,0.6639400022069858
GBT,combined,4,1,0.8333333333333334,0.7777777777777777,0.9333333333333332,0.7777777777777777,0.7962962962962963,0.6639400022069858
LR,combined,4,2,0.9166666666666666,0.9583333333333334,0.9166666666666666,0.9583333333333334,0.9301587301587301,0.8525978400882076
NB,combined,4,2,1.0,1.0,1.0,1.0,1.0,1.0
kNN,combined,4,2,1.0,1.0,1.0,1.0,1.0,1.0
DT,combined,4,2,1.0,1.0,1.0,1.0,1.0,1.0
RF,combined,4,2,1.0,1.0,1.0,1.0,1.0,1.0
SVM,combined,4,2,0.9166666666666666,0.9583333333333334,0.9166666666666666,0.9583333333333334,0.9301587301587301,0.8525978400882076
AB,combined,4,2,1.0,1.0,1.0,1.0,1.0,1.0
GBT,combined,4,2,1.0,1.0,1.0,1.0,1.0,1.0
LR,combined,4,3,0.8333333333333334,0.9047619047619048,0.8888888888888888,0.9047619047619048,0.8777777777777778,0.7502344849205329
NB,combined,4,3,0.8333333333333334,0.6190476190476191,0.5523809523809523,0.6190476190476191,0.582010582010582,0.6901982514999776
kNN,combined,4,3,0.8333333333333334,0.8333333333333334,0.9259259259259259,0.8333333333333334,0.8472222222222222,0.7136412401400631
DT,combined,4,3,0.8333333333333334,0.9047619047619048,0.8888888888888888,0.9047619047619048,0.8777777777777778,0.7502344849205329
RF,combined,4,3,1.0,1.0,1.0,1.0,1.0,1.0
SVM,combined,4,3,0.9166666666666666,0.9523809523809524,0.9333333333333332,0.9523809523809524,0.9373219373219372,0.8627696576586129
AB,combined,4,3,0.9166666666666666,0.9523809523809524,0.9333333333333332,0.9523809523809524,0.9373219373219372,0.8627696576586129
GBT,combined,4,3,0.9166666666666666,0.9523809523809524,0.9333333333333332,0.9523809523809524,0.9373219373219372,0.8627696576586129
LR,combined,4,4,0.8333333333333334,0.9047619047619048,0.7666666666666666,0.9047619047619048,0.7962962962962963,0.7519206177414045
NB,combined,4,4,0.8333333333333334,0.6190476190476191,0.5523809523809523,0.6190476190476191,0.582010582010582,0.6901982514999776
kNN,combined,4,4,0.6666666666666666,0.4523809523809524,0.5555555555555555,0.4523809523809524,0.47222222222222215,0.35682062007003157
DT,combined,4,4,0.75,0.8571428571428571,0.8571428571428571,0.8571428571428571,0.8181818181818182,0.6538461538461539
RF,combined,4,4,0.8333333333333334,0.9047619047619048,0.7777777777777777,0.9047619047619048,0.7777777777777778,0.7707840291806354
SVM,combined,4,4,0.8333333333333334,0.9047619047619048,0.7666666666666666,0.9047619047619048,0.7962962962962963,0.7519206177414045
AB,combined,4,4,0.9166666666666666,0.9523809523809524,0.9333333333333332,0.9523809523809524,0.9373219373219372,0.8627696576586129
GBT,combined,4,4,1.0,1.0,1.0,1.0,1.0,1.0
LR,combined,5,0,0.8333333333333334,0.7857142857142857,0.8690476190476191,0.7857142857142857,0.7936507936507936,0.7127227606745064
NB,combined,5,0,0.9166666666666666,0.9523809523809524,0.9166666666666666,0.9523809523809524,0.9267399267399267,0.8711309772938205
kNN,combined,5,0,0.8333333333333334,0.7222222222222222,0.9259259259259259,0.7222222222222222,0.7805555555555556,0.7105181184430335
DT,combined,5,0,0.75,0.6190476190476191,0.5,0.6190476190476191,0.5523809523809523,0.5521576303742327
RF,combined,5,0,0.75,0.6190476190476191,0.5,0.6190476190476191,0.5523809523809523,0.5521576303742327
SVM,combined,5,0,0.8333333333333334,0.7857142857142857,0.8690476190476191,0.7857142857142857,0.7936507936507936,0.7127227606745064
AB,combined,5,0,0.8333333333333334,0.6666666666666666,0.5925925925925926,0.6666666666666666,0.625,0.7213357077339458
GBT,combined,5,0,0.8333333333333334,0.6666666666666666,0.5925925925925926,0.6666666666666666,0.625,0.7213357077339458
LR,combined,5,1,0.9166666666666666,0.9583333333333334,0.9166666666666666,0.9583333333333334,0.9301587301587301,0.8525978400882076
NB,combined,5,1,0.75,0.5138888888888888,0.48148148148148145,0.5138888888888888,0.49673202614379086,0.43915503282683993
kNN,combined,5,1,0.9166666666666666,0.6666666666666666,0.6296296296296297,0.6666666666666666,0.6470588235294118,0.8295150620062531
DT,combined,5,1,0.8333333333333334,0.9166666666666666,0.8666666666666667,0.9166666666666666,0.8690476190476191,0.7391491482878365
RF,combined,5,1,0.9166666666666666,0.9583333333333334,0.9166666666666666,0.9583333333333334,0.9301587301587301,0.8525978400882076
SVM,combined,5,1,0.8333333333333334,0.9166666666666666,0.75,0.9166666666666666,0.7936507936507936,0.7389884275845571
AB,combined,5,1,0.8333333333333334,0.9166666666666666,0.8666666666666667,0.9166666666666666,0.8690476190476191,0.7391491482878365
GBT,combined,5,1,0.8333333333333334,0.9166666666666666,0.8666666666666667,0.9166666666666666,0.8690476190476191,0.7391491482878365
LR,combined,5,2,1.0,1.0,1.0,1.0,1.0,1.0
NB,combined,5,2,0.9166666666666666,0.6666666666666666,0.6296296296296297,0.6666666666666666,0.6470588235294118,0.8295150620062531
kNN,combined,5,2,0.9166666666666666,0.8888888888888888,0.9629629629629629,0.8888888888888888,0.9137254901960784,0.8317883872610065
DT,combined,5,2,0.8333333333333334,0.9166666666666666,0.8666666666666667,0.9166666666666666,0.8690476190476191,0.7391491482878365
RF,combined,5,2,1.0,1.0,1.0,1.0,1.0,1.0
SVM,combined,5,2,1.0,1.0,1.0,1.0,1.0,1.0
AB,combined,5,2,1.0,1.0,1.0,1.0,1.0,1.0
GBT,combined,5,2,1.0,1.0,1.0,1.0,1.0,1.0
LR,combined,5,3,0.9166666666666666,0.9166666666666666,0.9583333333333334,0.9166666666666666,0.9301587301587301,0.8525978400882076
NB,combined,5,3,1.0,1.0,1.0,1.0,1.0,1.0
kNN,combined,5,3,0.75,0.75,0.9,0.75,0.7411764705882353,0.5765566601970551
DT,combined,5,3,0.9166666666666666,0.9166666666666666,0.9583333333333334,0.9166666666666666,0.9301587301587301,0.8525978400882076
RF,combined,5,3,0.9166666666666666,0.9166666666666666,0.9583333333333334,0.9166666666666666,0.9301587301587301,0.8525978400882076
SVM,combined,5,3,0.9166666666666666,0.9166666666666666,0.9583333333333334,0.9166666666666666,0.9301587301587301,0.8525978400882076
AB,combined,5,3,0.9166666666666666,0.9166666666666666,0.9583333333333334,0.9166666666666666,0.9301587301587301,0.8525978400882076
GBT,combined,5,3,0.9166666666666666,0.9166666666666666,0.9583333333333334,0.9166666666666666,0.9301587301587301,0.8525978400882076
LR,combined,5,4,0.6666666666666666,0.8095238095238094,0.6833333333333332,0.8095238095238094,0.6296296296296297,0.5956058407304909
NB,combined,5,4,0.8333333333333334,0.6190476190476191,0.5523809523809523,0.6190476190476191,0.582010582010582,0.6901982514999776
kNN,combined,5,4,0.8333333333333334,0.9047619047619048,0.7666666666666666,0.9047619047619048,0.7962962962962963,0.7519206177414045
DT,combined,5,4,0.8333333333333334,0.8333333333333334,0.9259259259259259,0.8333333333333334,0.8472222222222222,0.7136412401400631
RF,combined,5,4,1.0,1.0,1.0,1.0,1.0,1.0
SVM,combined,5,4,0.9166666666666666,0.9523809523809524,0.8333333333333334,0.9523809523809524,0.8632478632478632,0.8690481892534816
AB,combined,5,4,0.9166666666666666,0.9523809523809524,0.9333333333333332,0.9523809523809524,0.9373219373219372,0.8627696576586129
GBT,combined,5,4,1.0,1.0,1.0,1.0,1.0,1.0
LR,combined,6,0,1.0,1.0,1.0,1.0,1.0,1.0
NB,combined,6,0,0.9166666666666666,0.8333333333333334,0.9583333333333334,0.8333333333333334,0.8666666666666666,0.8579409756912387
kNN,combined,6,0,0.9166666666666666,0.8333333333333334,0.9583333333333334,0.8333333333333334,0.8666666666666666,0.8579409756912387
DT,combined,6,0,1.0,1.0,1.0,1.0,1.0,1.0
RF,combined,6,0,1.0,1.0,1.0,1.0,1.0,1.0
SVM,combined,6,0,1.0,1.0,1.0,1.0,1.0,1.0
AB,combined,6,0,1.0,1.0,1.0,1.0,1.0,1.0
GBT,combined,6,0,1.0,1.0,1.0,1.0,1.0,1.0
LR,combined,6,1,0.9166666666666666,0.9583333333333334,0.9166666666666666,0.9583333333333334,0.9301587301587301,0.8525978400882076
NB,combined,6,1,0.8333333333333334,0.9166666666666666,0.8666666666666667,0.9166666666666666,0.8690476190476191,0.7391491482878365
kNN,combined,6,1,0.75,0.5138888888888888,0.5925925925925926,0.5138888888888888,0.5411764705882353,0.45512949491639976
DT,combined,6,1,0.8333333333333334,0.9166666666666666,0.8666666666666667,0.9166666666666666,0.8690476190476191,0.7391491482878365
RF,combined,6,1,0.8333333333333334,0.9166666666666666,0.8666666666666667,0.9166666666666666,0.8690476190476191,0.7391491482878365
SVM,combined,6,1,0.9166666666666666,0.9583333333333334,0.9166666666666666,0.9583333333333334,0.9301587301587301,0.8525978400882076
AB,combined,6,1,0.8333333333333334,0.9166666666666666,0.8666666666666667,0.9166666666666666,0.8690476190476191,0.7391491482878365
GBT,combined,6,1,0.8333333333333334,0.9166666666666666,0.8666666666666667,0.9166666666666666,0.8690476190476191,0.7391491482878365
LR,combined,6,2,0.9166666666666666,0.9583333333333334,0.9166666666666666,0.9583333333333334,0.9301587301587301,0.8525978400882076
NB,combined,6,2,0.75,0.5138888888888888,0.48148148148148145,0.5138888888888888,0.49673202614379086,0.43915503282683993
kNN,combined,6,2,0.8333333333333334,0.9166666666666666,0.75,0.9166666666666666,0.7936507936507936,0.7389884275845571
DT,combined,6,2,0.8333333333333334,0.9166666666666666,0.8666666666666667,0.9166666666666666,0.8690476190476191,0.7391491482878365
RF,combined,6,2,1.0,1.0,1.0,1.0,1.0,1.0
SVM,combined,6,2,1.0,1.0,1.0,1.0,1.0,1.0
AB,combined,6,2,0.9166666666666666,0.9583333333333334,0.9166666666666666,0.9583333333333334,0.9301587301587301,0.8525978400882076
GBT,combined,6,2,1.0,1.0,1.0,1.0,1.0,1.0
LR,combined,6,3,1.0,1.0,1.0,1.0,1.0,1.0
NB,combined,6,3,1.0,1.0,1.0,1.0,1.0,1.0
kNN,combined,6,3,0.8333333333333334,0.8333333333333334,0.9259259259259259,0.8333333333333334,0.8472222222222222,0.7136412401400631
DT,combined,6,3,0.8333333333333334,0.8333333333333334,0.9259259259259259,0.8333333333333334,0.8472222222222222,0.7136412401400631
RF,combined,6,3,1.0,1.0,1.0,1.0,1.0,1.0
SVM,combined,6,3,0.9166666666666666,0.9523809523809524,0.8333333333333334,0.9523809523809524,0.8632478632478632,0.8690481892534816
AB,combined,6,3,0.8333333333333334,0.8333333333333334,0.9259259259259259,0.8333333333333334,0.8472222222222222,0.7136412401400631
GBT,combined,6,3,0.8333333333333334,0.8333333333333334,0.9259259259259259,0.8333333333333334,0.8472222222222222,0.7136412401400631
LR,combined,6,4,0.9166666666666666,0.9166666666666666,0.9583333333333334,0.9166666666666666,0.9301587301587301,0.8525978400882076
NB,combined,6,4,0.9166666666666666,0.6666666666666666,0.625,0.6666666666666666,0.6444444444444445,0.8492077756084467
kNN,combined,6,4,0.75,0.75,0.9,0.75,0.7411764705882353,0.5765566601970551
DT,combined,6,4,0.8333333333333334,0.9047619047619048,0.8888888888888888,0.9047619047619048,0.8777777777777778,0.7502344849205329
RF,combined,6,4,0.9166666666666666,0.9166666666666666,0.9583333333333334,0.9166666666666666,0.9301587301587301,0.8525978400882076
SVM,combined,6,4,0.9166666666666666,0.9166666666666666,0.9583333333333334,0.9166666666666666,0.9301587301587301,0.8525978400882076
AB,combined,6,4,0.9166666666666666,0.9166666666666666,0.9583333333333334,0.9166666666666666,0.9301587301587301,0.8525978400882076
GBT,combined,6,4,0.9166666666666666,0.9166666666666666,0.9583333333333334,0.9166666666666666,0.9301587301587301,0.8525978400882076
LR,combined,7,0,0.75,0.7936507936507936,0.7777777777777778,0.7936507936507936,0.7452991452991453,0.6121460921524144
NB,combined,7,0,1.0,1.0,1.0,1.0,1.0,1.0
kNN,combined,7,0,0.9166666666666666,0.8888888888888888,0.9583333333333334,0.8888888888888888,0.9111111111111111,0.8589556903873333
DT,combined,7,0,0.9166666666666666,0.8888888888888888,0.9583333333333334,0.8888888888888888,0.9111111111111111,0.8589556903873333
RF,combined,7,0,0.8333333333333334,0.8412698412698413,0.8412698412698413,0.8412698412698413,0.8412698412698413,0.7073170731707317
SVM,combined,7,0,0.9166666666666666,0.8888888888888888,0.9583333333333334,0.8888888888888888,0.9111111111111111,0.8589556903873333
AB,combined,7,0,0.9166666666666666,0.8888888888888888,0.9583333333333334,0.8888888888888888,0.9111111111111111,0.8589556903873333
GBT,combined,7,0,0.9166666666666666,0.8888888888888888,0.9583333333333334,0.8888888888888888,0.9111111111111111,0.8589556903873333
LR,combined,7,1,0.9166666666666666,0.9583333333333334,0.9166666666666666,0.9583333333333334,0.9301587301587301,0.8525978400882076
NB,combined,7,1,0.75,0.5138888888888888,0.48148148148148145,0.5138888888888888,0.49673202614379086,0.43915503282683993
kNN,combined,7,1,1.0,1.0,1.0,1.0,1.0,1.0
DT,combined,7,1,1.0,1.0,1.0,1.0,1.0,1.0
RF,combined,7,1,1.0,1.0,1.0,1.0,1.0,1.0
SVM,combined,7,1,1.0,1.0,1.0,1.0,1.0,1.0
AB,combined,7,1,1.0,1.0,1.0,1.0,1.0,1.0
GBT,combined,7,1,1.0,1.0,1.0,1.0,1.0,1.0
LR,combined,7,2,0.8333333333333334,0.9166666666666666,0.75,0.9166666666666666,0.7936507936507936,0.7389884275845571
NB,combined,7,2,0.9166666666666666,0.6666666666666666,0.6296296296296297,0.6666666666666666,0.6470588235294118,0.8295150620062531
kNN,combined,7,2,0.75,0.8055555555555555,0.6746031746031745,0.8055555555555555,0.7111111111111111,0.541162769282166
DT,combined,7,2,0.6666666666666666,0.7638888888888888,0.6944444444444445,0.7638888888888888,0.6380952380952382,0.48416483186574427
RF,combined,7,2,0.6666666666666666,0.8333333333333334,0.6444444444444445,0.8333333333333334,0.6388888888888888,0.5670807236297687
SVM,combined,7,2,0.8333333333333334,0.9166666666666666,0.75,0.9166666666666666,0.7936507936507936,0.7389884275845571
AB,combined,7,2,1.0,1.0,1.0,1.0,1.0,1.0
GBT,combined,7,2,1.0,1.0,1.0,1.0,1.0,1.0
LR,combined,7,3,1.0,1.0,1.0,1.0,1.0,1.0
NB,combined,7,3,0.8333333333333334,0.5833333333333334,0.5925925925925926,0.5833333333333334,0.5773809523809524,0.6933752452815364
kNN,combined,7,3,0.8333333333333334,0.5833333333333334,0.5925925925925926,0.5833333333333334,0.5773809523809524,0.6933752452815364
DT,combined,7,3,0.8333333333333334,0.8333333333333334,0.9259259259259259,0.8333333333333334,0.8472222222222222,0.7136412401400631
RF,combined,7,3,0.8333333333333334,0.8333333333333334,0.9259259259259259,0.8333333333333334,0.8472222222222222,0.7136412401400631
SVM,combined,7,3,1.0,1.0,1.0,1.0,1.0,1.0
AB,combined,7,3,0.8333333333333334,0.8333333333333334,0.9259259259259259,0.8333333333333334,0.8472222222222222,0.7136412401400631
GBT,combined,7,3,0.8333333333333334,0.8333333333333334,0.9259259259259259,0.8333333333333334,0.8472222222222222,0.7136412401400631
LR,combined,7,4,1.0,1.0,1.0,1.0,1.0,1.0
NB,combined,7,4,0.8333333333333334,0.9047619047619048,0.8888888888888888,0.9047619047619048,0.8777777777777778,0.7502344849205329
kNN,combined,7,4,0.6666666666666666,0.4523809523809524,0.5555555555555555,0.4523809523809524,0.47222222222222215,0.35682062007003157
DT,combined,7,4,1.0,1.0,1.0,1.0,1.0,1.0
RF,combined,7,4,1.0,1.0,1.0,1.0,1.0,1.0
SVM,combined,7,4,0.9166666666666666,0.6666666666666666,0.625,0.6666666666666666,0.6444444444444445,0.8492077756084467
AB,combined,7,4,0.9166666666666666,0.9523809523809524,0.9333333333333332,0.9523809523809524,0.9373219373219372,0.8627696576586129
GBT,combined,7,4,1.0,1.0,1.0,1.0,1.0,1.0
LR,combined,8,0,0.8333333333333334,0.7777777777777777,0.9259259259259259,0.7777777777777777,0.7916666666666666,0.725018488207177
NB,combined,8,0,0.6666666666666666,0.4444444444444444,0.5454545454545454,0.4444444444444444,0.4259259259259259,0.37670528747840887
kNN,combined,8,0,0.6666666666666666,0.5,0.5454545454545454,0.5,0.48148148148148145,0.40024936794580945
DT,combined,8,0,0.6666666666666666,0.6190476190476191,0.5555555555555555,0.6190476190476191,0.5833333333333334,0.377009613867732
RF,combined,8,0,0.6666666666666666,0.6190476190476191,0.4444444444444444,0.6190476190476191,0.5166666666666667,0.40575133560034454
SVM,combined,8,0,0.75,0.7301587301587301,0.8055555555555555,0.7301587301587301,0.7000000000000001,0.5675609531495888
AB,combined,8,0,0.8333333333333334,0.7777777777777777,0.9259259259259259,0.7777777777777777,0.7916666666666666,0.725018488207177
GBT,combined,8,0,0.9166666666666666,0.8888888888888888,0.9583333333333334,0.8888888888888888,0.9111111111111111,0.8589556903873333
LR,combined,8,1,0.8333333333333334,0.9166666666666666,0.8666666666666667,0.9166666666666666,0.8690476190476191,0.7391491482878365
NB,combined,8,1,0.9166666666666666,0.9583333333333334,0.9166666666666666,0.9583333333333334,0.9301587301587301,0.8525978400882076
kNN,combined,8,1,0.8333333333333334,0.625,0.625,0.625,0.625,0.6571428571428571
DT,combined,8,1,0.6666666666666666,0.6944444444444443,0.6944444444444443,0.6944444444444443,0.6944444444444443,0.3142857142857143
RF,combined,8,1,1.0,1.0,1.0,1.0,1.0,1.0
SVM,combined,8,1,0.75,0.875,0.7000000000000001,0.875,0.7286324786324786,0.6425396041156863
AB,combined,8,1,0.9166666666666666,0.8888888888888888,0.9629629629629629,0.8888888888888888,0.9137254901960784,0.8317883872610065
GBT,combined,8,1,1.0,1.0,1.0,1.0,1.0,1.0
LR,combined,8,2,1.0,1.0,1.0,1.0,1.0,1.0
NB,combined,8,2,1.0,1.0,1.0,1.0,1.0,1.0
kNN,combined,8,2,1.0,1.0,1.0,1.0,1.0,1.0
DT,combined,8,2,0.9166666666666666,0.9583333333333334,0.9166666666666666,0.9583333333333334,0.9301587301587301,0.8525978400882076
RF,combined,8,2,0.9166666666666666,0.9583333333333334,0.9166666666666666,0.9583333333333334,0.9301587301587301,0.8525978400882076
SVM,combined,8,2,1.0,1.0,1.0,1.0,1.0,1.0
AB,combined,8,2,1.0,1.0,1.0,1.0,1.0,1.0
GBT,combined,8,2,1.0,1.0,1.0,1.0,1.0,1.0
LR,combined,8,3,0.9166666666666666,0.9523809523809524,0.8333333333333334,0.9523809523809524,0.8632478632478632,0.8690481892534816
NB,combined,8,3,0.75,0.8214285714285715,0.8111111111111112,0.8214285714285715,0.8119658119658119,0.5626758636903997
kNN,combined,8,3,1.0,1.0,1.0,1.0,1.0,1.0
DT,combined,8,3,1.0,1.0,1.0,1.0,1.0,1.0
RF,combined,8,3,0.9166666666666666,0.9523809523809524,0.9333333333333332,0.9523809523809524,0.9373219373219372,0.8627696576586129
SVM,combined,8,3,1.0,1.0,1.0,1.0,1.0,1.0
AB,combined,8,3,0.9166666666666666,0.9523809523809524,0.9333333333333332,0.9523809523809524,0.9373219373219372,0.8627696576586129
GBT,combined,8,3,1.0,1.0,1.0,1.0,1.0,1.0
LR,combined,8,4,0.9166666666666666,0.9523809523809524,0.9333333333333332,0.9523809523809524,0.9373219373219372,0.8627696576586129
NB,combined,8,4,0.9166666666666666,0.6666666666666666,0.625,0.6666666666666666,0.6444444444444445,0.8492077756084467
kNN,combined,8,4,0.9166666666666666,0.6666666666666666,0.625,0.6666666666666666,0.6444444444444445,0.8492077756084467
DT,combined,8,4,0.9166666666666666,0.9523809523809524,0.9333333333333332,0.9523809523809524,0.9373219373219372,0.8627696576586129
RF,combined,8,4,1.0,1.0,1.0,1.0,1.0,1.0
SVM,combined,8,4,1.0,1.0,1.0,1.0,1.0,1.0
AB,combined,8,4,1.0,1.0,1.0,1.0,1.0,1.0
GBT,combined,8,4,1.0,1.0,1.0,1.0,1.0,1.0
LR,combined,9,0,1.0,1.0,1.0,1.0,1.0,1.0
NB,combined,9,0,0.75,0.5555555555555555,0.5666666666666667,0.5555555555555555,0.5411764705882353,0.5587442366156625
kNN,combined,9,0,0.9166666666666666,0.8333333333333334,0.9583333333333334,0.8333333333333334,0.8666666666666666,0.8579409756912387
DT,combined,9,0,0.6666666666666666,0.8095238095238094,0.8095238095238096,0.8095238095238094,0.7333333333333334,0.6097560975609756
RF,combined,9,0,0.9166666666666666,0.9523809523809524,0.9166666666666666,0.9523809523809524,0.9267399267399267,0.8711309772938205
SVM,combined,9,0,1.0,1.0,1.0,1.0,1.0,1.0
AB,combined,9,0,0.9166666666666666,0.9523809523809524,0.9166666666666666,0.9523809523809524,0.9267399267399267,0.8711309772938205
GBT,combined,9,0,1.0,1.0,1.0,1.0,1.0,1.0
LR,combined,9,1,0.9166666666666666,0.9583333333333334,0.8333333333333334,0.9583333333333334,0.8666666666666666,0.8579409756912387
NB,combined,9,1,0.9166666666666666,0.6666666666666666,0.6296296296296297,0.6666666666666666,0.6470588235294118,0.8295150620062531
kNN,combined,9,1,0.75,0.5138888888888888,0.5925925925925926,0.5138888888888888,0.5411764705882353,0.45512949491639976
DT,combined,9,1,1.0,1.0,1.0,1.0,1.0,1.0
RF,combined,9,1,1.0,1.0,1.0,1.0,1.0,1.0
SVM,combined,9,1,0.9166666666666666,0.9583333333333334,0.8333333333333334,0.9583333333333334,0.8666666666666666,0.8579409756912387
AB,combined,9,1,1.0,1.0,1.0,1.0,1.0,1.0
GBT,combined,9,1,1.0,1.0,1.0,1.0,1.0,1.0
LR,combined,9,2,0.8333333333333334,0.9166666666666666,0.75,0.9166666666666666,0.7936507936507936,0.7389884275845571
NB,combined,9,2,0.9166666666666666,0.9583333333333334,0.9166666666666666,0.9583333333333334,0.9301587301587301,0.8525978400882076
kNN,combined,9,2,0.8333333333333334,0.9166666666666666,0.7777777777777777,0.9166666666666666,0.7857142857142857,0.7559289460184545
DT,combined,9,2,0.9166666666666666,0.9583333333333334,0.9166666666666666,0.9583333333333334,0.9301587301587301,0.8525978400882076
RF,combined,9,2,1.0,1.0,1.0,1.0,1.0,1.0
SVM,combined,9,2,0.75,0.875,0.6944444444444443,0.875,0.7087912087912088,0.6533756163560378
AB,combined,9,2,0.8333333333333334,0.9166666666666666,0.8666666666666667,0.9166666666666666,0.8690476190476191,0.7391491482878365
GBT,combined,9,2,0.9166666666666666,0.9583333333333334,0.9166666666666666,0.9583333333333334,0.9301587301587301,0.8525978400882076
LR,combined,9,3,0.9166666666666666,0.9523809523809524,0.9333333333333332,0.9523809523809524,0.9373219373219372,0.8627696576586129
NB,combined,9,3,0.9166666666666666,0.9523809523809524,0.9333333333333332,0.9523809523809524,0.9373219373219372,0.8627696576586129
kNN,combined,9,3,0.6666666666666666,0.4166666666666667,0.5454545454545454,0.4166666666666667,0.3925925925925926,0.36210341218895065
DT,combined,9,3,0.75,0.7857142857142857,0.8055555555555555,0.7857142857142857,0.7904761904761904,0.5277986629117476
RF,combined,9,3,1.0,1.0,1.0,1.0,1.0,1.0
SVM,combined,9,3,0.9166666666666666,0.9523809523809524,0.9333333333333332,0.9523809523809524,0.9373219373219372,0.8627696576586129
AB,combined,9,3,1.0,1.0,1.0,1.0,1.0,1.0
GBT,combined,9,3,1.0,1.0,1.0,1.0,1.0,1.0
LR,combined,9,4,0.9166666666666666,0.9166666666666666,0.9583333333333334,0.9166666666666666,0.9301587301587301,0.8525978400882076
NB,combined,9,4,0.9166666666666666,0.6666666666666666,0.625,0.6666666666666666,0.6444444444444445,0.8492077756084467
kNN,combined,9,4,0.9166666666666666,0.9166666666666666,0.9583333333333334,0.9166666666666666,0.9301587301587301,0.8525978400882076
DT,combined,9,4,0.9166666666666666,0.9166666666666666,0.9583333333333334,0.9166666666666666,0.9301587301587301,0.8525978400882076
RF,combined,9,4,0.9166666666666666,0.9166666666666666,0.9583333333333334,0.9166666666666666,0.9301587301587301,0.8525978400882076
SVM,combined,9,4,0.8333333333333334,0.8690476190476191,0.8690476190476191,0.8690476190476191,0.8690476190476191,0.6923076923076923
AB,combined,9,4,0.9166666666666666,0.9166666666666666,0.9583333333333334,0.9166666666666666,0.9301587301587301,0.8525978400882076
GBT,combined,9,4,0.9166666666666666,0.9166666666666666,0.9583333333333334,0.9166666666666666,0.9301587301587301,0.8525978400882076
GBT,postural,0,0,0.8333333333333334,0.7222222222222222,0.9259259259259259,0.7222222222222222,0.7805555555555556,0.7105181184430335
GBT,postural,0,1,0.8333333333333334,0.9166666666666666,0.75,0.9166666666666666,0.7936507936507936,0.7389884275845571
GBT,postural,0,2,0.75,0.6666666666666666,0.5757575757575758,0.6666666666666666,0.6140350877192983,0.48416483186574427
GBT,postural,0,3,0.75,0.5357142857142857,0.5833333333333334,0.5357142857142857,0.5523809523809523,0.5277986629117476
GBT,postural,0,4,0.75,0.8214285714285715,0.8111111111111112,0.8214285714285715,0.8119658119658119,0.5626758636903997
GBT,postural,1,0,0.75,0.7380952380952381,0.8111111111111112,0.7380952380952381,0.7286324786324786,0.5975609756097561
GBT,postural,1,1,0.8333333333333334,0.7777777777777777,0.9333333333333332,0.7777777777777777,0.7962962962962963,0.6639400022069858
GBT,postural,1,2,0.6666666666666666,0.5416666666666666,0.4444444444444445,0.5416666666666666,0.4603174603174603,0.4225771273642583
GBT,postural,1,3,0.75,0.7857142857142857,0.75,0.7857142857142857,0.7111111111111111,0.5604485383178051
GBT,postural,1,4,0.75,0.75,0.9,0.75,0.7411764705882353,0.5765566601970551
GBT,postural,2,0,0.6666666666666666,0.746031746031746,0.7333333333333334,0.746031746031746,0.7222222222222222,0.48890120703870477
GBT,postural,2,1,0.8333333333333334,0.7777777777777777,0.9333333333333332,0.7777777777777777,0.7962962962962963,0.6639400022069858
GBT,postural,2,2,0.8333333333333334,0.5555555555555555,0.6,0.5555555555555555,0.562962962962963,0.6425396041156863
GBT,postural,2,3,0.8333333333333334,0.8690476190476191,0.8690476190476191,0.8690476190476191,0.8690476190476191,0.6923076923076923
GBT,postural,2,4,0.6666666666666666,0.48809523809523814,0.48809523809523814,0.48809523809523814,0.48809523809523814,0.38461538461538464
GBT,postural,3,0,0.75,0.7936507936507936,0.7777777777777778,0.7936507936507936,0.7802197802197802,0.5886020116850139
GBT,postural,3,1,0.5833333333333334,0.4305555555555555,0.37142857142857144,0.4305555555555555,0.38888888888888884,0.18571428571428572
GBT,postural,3,2,0.9166666666666666,0.9583333333333334,0.8333333333333334,0.9583333333333334,0.8666666666666666,0.8579409756912387
GBT,postural,3,3,0.75,0.7857142857142857,0.8055555555555555,0.7857142857142857,0.7904761904761904,0.5277986629117476
GBT,postural,3,4,0.75,0.5,0.5666666666666667,0.5,0.49673202614379086,0.5370861555295747
GBT,postural,4,0,0.6666666666666666,0.5,0.5454545454545454,0.5,0.48148148148148145,0.40024936794580945
GBT,postural,4,1,0.5,0.25,0.19999999999999998,0.25,0.2222222222222222,-0.2645751311064591
GBT,postural,4,2,0.75,0.6666666666666666,0.5757575757575758,0.6666666666666666,0.6140350877192983,0.48416483186574427
GBT,postural,4,3,0.75,0.7857142857142857,0.8055555555555555,0.7857142857142857,0.7904761904761904,0.5277986629117476
GBT,postural,4,4,0.6666666666666666,0.7738095238095237,0.6333333333333334,0.7738095238095237,0.6666666666666666,0.4654746681256314
GBT,postural,5,0,0.6666666666666666,0.5079365079365079,0.4444444444444444,0.5079365079365079,0.47222222222222215,0.3606678538669729
GBT,postural,5,1,0.8333333333333334,0.9166666666666666,0.8666666666666667,0.9166666666666666,0.8690476190476191,0.7391491482878365
GBT,postural,5,2,0.8333333333333334,0.7777777777777777,0.9333333333333332,0.7777777777777777,0.7962962962962963,0.6639400022069858
GBT,postural,5,3,0.6666666666666666,0.7738095238095237,0.7666666666666666,0.7738095238095237,0.7555555555555555,0.4501406909523198
GBT,postural,5,4,0.75,0.8214285714285715,0.6944444444444445,0.8214285714285715,0.7286324786324786,0.5793654595023211
GBT,postural,6,0,0.8333333333333334,0.8412698412698413,0.8412698412698413,0.8412698412698413,0.8412698412698413,0.7073170731707317
GBT,postural,6,1,0.6666666666666666,0.40277777777777773,0.39999999999999997,0.40277777777777773,0.3925925925925926,0.18898223650461363
GBT,postural,6,2,0.75,0.875,0.75,0.875,0.7230769230769231,0.6780312999921146
GBT,postural,6,3,0.6666666666666666,0.4166666666666667,0.5454545454545454,0.4166666666666667,0.3925925925925926,0.36210341218895065
GBT,postural,6,4,0.6666666666666666,0.7738095238095237,0.7666666666666666,0.7738095238095237,0.7555555555555555,0.4501406909523198
GBT,postural,7,0,0.6666666666666666,0.626984126984127,0.7380952380952381,0.626984126984127,0.6507936507936508,0.4126289667062931
GBT,postural,7,1,0.75,0.736111111111111,0.7592592592592592,0.736111111111111,0.7411764705882353,0.45512949491639976
GBT,postural,7,2,0.6666666666666666,0.7638888888888888,0.6111111111111112,0.7638888888888888,0.626984126984127,0.4535573676110727
GBT,postural,7,3,0.6666666666666666,0.7023809523809524,0.7222222222222222,0.7023809523809524,0.6944444444444443,0.35682062007003157
GBT,postural,7,4,0.75,0.5,0.5666666666666667,0.5,0.49673202614379086,0.5370861555295747
GBT,postural,8,0,0.6666666666666666,0.5,0.5454545454545454,0.5,0.48148148148148145,0.40024936794580945
GBT,postural,8,1,0.6666666666666666,0.47222222222222215,0.4166666666666667,0.47222222222222215,0.44047619047619047,0.2988071523335984
GBT,postural,8,2,0.5833333333333334,0.3611111111111111,0.3333333333333333,0.3611111111111111,0.34640522875817,0.04879500364742666
GBT,postural,8,3,0.8333333333333334,0.9047619047619048,0.8888888888888888,0.9047619047619048,0.8777777777777778,0.7502344849205329
GBT,postural,8,4,0.8333333333333334,0.8690476190476191,0.8690476190476191,0.8690476190476191,0.8690476190476191,0.6923076923076923
GBT,postural,9,0,0.6666666666666666,0.8095238095238094,0.8095238095238096,0.8095238095238094,0.7333333333333334,0.6097560975609756
GBT,postural,9,1,0.75,0.736111111111111,0.7592592592592592,0.736111111111111,0.6633986928104575,0.486517735945117
GBT,postural,9,2,0.75,0.4444444444444444,0.5757575757575758,0.4444444444444444,0.4473684210526316,0.4332001127219817
GBT,postural,9,3,0.6666666666666666,0.4523809523809524,0.4444444444444444,0.4523809523809524,0.44047619047619047,0.323575114464717
GBT,postural,9,4,0.8333333333333334,0.8333333333333334,0.9259259259259259,0.8333333333333334,0.8472222222222222,0.7136412401400631
GBT,nonpostural,0,0,0.9166666666666666,0.8888888888888888,0.9583333333333334,0.8888888888888888,0.9111111111111111,0.8589556903873333
GBT,nonpostural,0,1,1.0,1.0,1.0,1.0,1.0,1.0
GBT,nonpostural,0,2,1.0,1.0,1.0,1.0,1.0,1.0
GBT,nonpostural,0,3,1.0,1.0,1.0,1.0,1.0,1.0
GBT,nonpostural,0,4,1.0,1.0,1.0,1.0,1.0,1.0
GBT,nonpostural,1,0,1.0,1.0,1.0,1.0,1.0,1.0
GBT,nonpostural,1,1,1.0,1.0,1.0,1.0,1.0,1.0
GBT,nonpostural,1,2,1.0,1.0,1.0,1.0,1.0,1.0
GBT,nonpostural,1,3,0.9166666666666666,0.9166666666666666,0.9583333333333334,0.9166666666666666,0.9301587301587301,0.8525978400882076
GBT,nonpostural,1,4,1.0,1.0,1.0,1.0,1.0,1.0
GBT,nonpostural,2,0,1.0,1.0,1.0,1.0,1.0,1.0
GBT,nonpostural,2,1,1.0,1.0,1.0,1.0,1.0,1.0
GBT,nonpostural,2,2,0.9166666666666666,0.8888888888888888,0.9629629629629629,0.8888888888888888,0.9137254901960784,0.8317883872610065
GBT,nonpostural,2,3,1.0,1.0,1.0,1.0,1.0,1.0
GBT,nonpostural,2,4,1.0,1.0,1.0,1.0,1.0,1.0
GBT,nonpostural,3,0,1.0,1.0,1.0,1.0,1.0,1.0
GBT,nonpostural,3,1,0.9166666666666666,0.8888888888888888,0.9629629629629629,0.8888888888888888,0.9137254901960784,0.8317883872610065
GBT,nonpostural,3,2,1.0,1.0,1.0,1.0,1.0,1.0
GBT,nonpostural,3,3,1.0,1.0,1.0,1.0,1.0,1.0
GBT,nonpostural,3,4,0.75,0.75,0.9,0.75,0.7411764705882353,0.5765566601970551
GBT,nonpostural,4,0,0.75,0.6666666666666666,0.5666666666666667,0.6666666666666666,0.6078431372549019,0.5936657514041415
GBT,nonpostural,4,1,0.8333333333333334,0.7777777777777777,0.9333333333333332,0.7777777777777777,0.7962962962962963,0.6639400022069858
GBT,nonpostural,4,2,1.0,1.0,1.0,1.0,1.0,1.0
GBT,nonpostural,4,3,1.0,1.0,1.0,1.0,1.0,1.0
GBT,nonpostural,4,4,1.0,1.0,1.0,1.0,1.0,1.0
GBT,nonpostural,5,0,1.0,1.0,1.0,1.0,1.0,1.0
GBT,nonpostural,5,1,1.0,1.0,1.0,1.0,1.0,1.0
GBT,nonpostural,5,2,1.0,1.0,1.0,1.0,1.0,1.0
GBT,nonpostural,5,3,0.9166666666666666,0.9166666666666666,0.9583333333333334,0.9166666666666666,0.9301587301587301,0.8525978400882076
GBT,nonpostural,5,4,1.0,1.0,1.0,1.0,1.0,1.0
GBT,nonpostural,6,0,1.0,1.0,1.0,1.0,1.0,1.0
GBT,nonpostural,6,1,0.8333333333333334,0.9166666666666666,0.8666666666666667,0.9166666666666666,0.8690476190476191,0.7391491482878365
GBT,nonpostural,6,2,0.9166666666666666,0.8888888888888888,0.9629629629629629,0.8888888888888888,0.9137254901960784,0.8317883872610065
GBT,nonpostural,6,3,0.8333333333333334,0.8333333333333334,0.9259259259259259,0.8333333333333334,0.8472222222222222,0.7136412401400631
GBT,nonpostural,6,4,0.9166666666666666,0.9166666666666666,0.9583333333333334,0.9166666666666666,0.9301587301587301,0.8525978400882076
GBT,nonpostural,7,0,0.9166666666666666,0.8888888888888888,0.9583333333333334,0.8888888888888888,0.9111111111111111,0.8589556903873333
GBT,nonpostural,7,1,1.0,1.0,1.0,1.0,1.0,1.0
GBT,nonpostural,7,2,0.9166666666666666,0.9583333333333334,0.9166666666666666,0.9583333333333334,0.9301587301587301,0.8525978400882076
GBT,nonpostural,7,3,0.8333333333333334,0.8333333333333334,0.9259259259259259,0.8333333333333334,0.8472222222222222,0.7136412401400631
GBT,nonpostural,7,4,1.0,1.0,1.0,1.0,1.0,1.0
GBT,nonpostural,8,0,0.9166666666666666,0.8888888888888888,0.9583333333333334,0.8888888888888888,0.9111111111111111,0.8589556903873333
GBT,nonpostural,8,1,1.0,1.0,1.0,1.0,1.0,1.0
GBT,nonpostural,8,2,1.0,1.0,1.0,1.0,1.0,1.0
GBT,nonpostural,8,3,1.0,1.0,1.0,1.0,1.0,1.0
GBT,nonpostural,8,4,1.0,1.0,1.0,1.0,1.0,1.0
GBT,nonpostural,9,0,1.0,1.0,1.0,1.0,1.0,1.0
GBT,nonpostural,9,1,1.0,1.0,1.0,1.0,1.0,1.0
GBT,nonpostural,9,2,0.9166666666666666,0.9583333333333334,0.9166666666666666,0.9583333333333334,0.9301587301587301,0.8525978400882076
GBT,nonpostural,9,3,1.0,1.0,1.0,1.0,1.0,1.0
GBT,nonpostural,9,4,0.9166666666666666,0.9166666666666666,0.9583333333333334,0.9166666666666666,0.9301587301587301,0.8525978400882076
