repeat,fold,training_fraction,training_records,low_training_records,medium_training_records,high_training_records,train_balanced_accuracy,validation_balanced_accuracy,train_macro_f1,validation_macro_f1
0,0,0.4,19,2,12,5,1.0,0.7777777777777777,1.0,0.7916666666666666
0,0,0.55,26,2,16,8,1.0,0.7777777777777777,1.0,0.7916666666666666
0,0,0.7,33,3,20,10,1.0,0.7777777777777777,1.0,0.7916666666666666
0,0,0.85,40,3,25,12,1.0,0.8888888888888888,1.0,0.9111111111111111
0,0,1.0,48,4,30,14,1.0,0.8888888888888888,1.0,0.9111111111111111
0,1,0.4,19,2,11,6,1.0,0.9166666666666666,1.0,0.8690476190476191
0,1,0.55,26,3,16,7,1.0,0.7777777777777777,1.0,0.7962962962962963
0,1,0.7,33,3,20,10,1.0,0.8888888888888888,1.0,0.9137254901960784
0,1,0.85,40,4,24,12,1.0,1.0,1.0,1.0
0,1,1.0,48,5,29,14,0.9761904761904763,1.0,0.98200460347353,1.0
0,2,0.4,19,2,11,6,1.0,0.8472222222222222,1.0,0.8472222222222222
0,2,0.55,26,3,16,7,1.0,0.8888888888888888,1.0,0.9137254901960784
0,2,0.7,33,3,20,10,1.0,1.0,1.0,1.0
0,2,0.85,40,4,24,12,0.9722222222222222,1.0,0.9787045252883763,1.0
0,2,1.0,48,5,29,14,0.9761904761904763,1.0,0.98200460347353,1.0
0,3,0.4,19,2,12,5,1.0,0.48809523809523814,1.0,0.4603174603174603
0,3,0.55,26,3,16,7,0.9523809523809524,0.9166666666666666,0.9642579642579644,0.9301587301587301
0,3,0.7,33,3,21,9,1.0,0.8690476190476191,1.0,0.8690476190476191
0,3,0.85,40,4,25,11,0.9696969696969697,0.8214285714285715,0.9775910364145658,0.8119658119658119
0,3,1.0,48,5,30,13,0.9743589743589745,1.0,0.9812021857923497,1.0
0,4,0.4,19,2,12,5,1.0,0.8333333333333334,1.0,0.8472222222222222
0,4,0.55,26,3,16,7,1.0,1.0,1.0,1.0
0,4,0.7,33,3,21,9,1.0,1.0,1.0,1.0
0,4,0.85,40,4,25,11,1.0,1.0,1.0,1.0
0,4,1.0,48,5,30,13,1.0,1.0,1.0,1.0
1,0,0.4,19,2,12,5,1.0,0.9523809523809524,1.0,0.9267399267399267
1,0,0.55,26,2,16,8,1.0,0.8333333333333334,1.0,0.8666666666666666
1,0,0.7,33,3,20,10,0.9666666666666667,1.0,0.9743260590500641,1.0
1,0,0.85,40,3,25,12,1.0,1.0,1.0,1.0
1,0,1.0,48,4,30,14,0.9761904761904763,1.0,0.9821898401133374,1.0
1,1,0.4,19,2,11,6,1.0,1.0,1.0,1.0
1,1,0.55,26,3,16,7,1.0,0.8888888888888888,1.0,0.9137254901960784
1,1,0.7,33,3,20,10,0.9666666666666667,1.0,0.9743260590500641,1.0
1,1,0.85,40,4,24,12,1.0,1.0,1.0,1.0
1,1,1.0,48,5,29,14,0.9761904761904763,1.0,0.98200460347353,1.0
1,2,0.4,19,2,11,6,1.0,0.5833333333333334,1.0,0.5166666666666667
1,2,0.55,26,3,16,7,1.0,0.6666666666666666,1.0,0.6470588235294118
1,2,0.7,33,3,20,10,1.0,1.0,1.0,1.0
1,2,0.85,40,4,24,12,1.0,1.0,1.0,1.0
1,2,1.0,48,5,29,14,0.9761904761904763,1.0,0.98200460347353,1.0
1,3,0.4,19,2,12,5,1.0,0.9166666666666666,1.0,0.9301587301587301
1,3,0.55,26,3,16,7,1.0,0.9166666666666666,1.0,0.9301587301587301
1,3,0.7,33,3,21,9,1.0,0.9166666666666666,1.0,0.9301587301587301
1,3,0.85,40,4,25,11,1.0,0.9166666666666666,1.0,0.9301587301587301
1,3,1.0,48,5,30,13,1.0,0.9166666666666666,1.0,0.9301587301587301
1,4,0.4,19,2,12,5,1.0,0.7380952380952381,1.0,0.7380952380952381
1,4,0.55,26,3,16,7,1.0,1.0,1.0,1.0
1,4,0.7,33,3,21,9,1.0,0.8333333333333334,1.0,0.8472222222222222
1,4,0.85,40,4,25,11,0.9696969696969697,1.0,0.9775910364145658,1.0
1,4,1.0,48,5,30,13,0.9743589743589745,1.0,0.9812021857923497,1.0
2,0,0.4,19,2,12,5,1.0,0.9523809523809524,1.0,0.9267399267399267
2,0,0.55,26,2,16,8,1.0,0.8095238095238094,1.0,0.7333333333333334
2,0,0.7,33,3,21,9,1.0,1.0,1.0,1.0
2,0,0.85,40,3,25,12,0.9722222222222222,1.0,0.9789712986643933,1.0
2,0,1.0,48,4,30,14,0.9761904761904763,1.0,0.9821898401133374,1.0
2,1,0.4,19,2,11,6,1.0,0.9583333333333334,1.0,0.8666666666666666
2,1,0.55,26,3,16,7,1.0,0.8888888888888888,1.0,0.9137254901960784
2,1,0.7,33,3,20,10,1.0,1.0,1.0,1.0
2,1,0.85,40,4,24,12,1.0,1.0,1.0,1.0
2,1,1.0,48,5,29,14,0.9761904761904763,1.0,0.98200460347353,1.0
2,2,0.4,19,2,11,6,1.0,0.47222222222222215,1.0,0.44047619047619047
2,2,0.55,26,3,16,7,1.0,0.8888888888888888,1.0,0.9137254901960784
2,2,0.7,33,3,20,10,1.0,0.8888888888888888,1.0,0.9137254901960784
2,2,0.85,40,4,24,12,1.0,0.7777777777777777,1.0,0.7962962962962963
2,2,1.0,48,5,29,14,1.0,0.8888888888888888,1.0,0.9137254901960784
2,3,0.4,19,2,12,5,1.0,0.7738095238095237,1.0,0.7555555555555555
2,3,0.55,26,3,16,7,1.0,0.75,1.0,0.7411764705882353
2,3,0.7,33,3,21,9,0.9629629629629629,0.9166666666666666,0.972640218878249,0.9301587301587301
2,3,0.85,40,4,25,11,0.9696969696969697,1.0,0.9775910364145658,1.0
2,3,1.0,48,5,30,13,0.9743589743589745,1.0,0.9812021857923497,1.0
2,4,0.4,19,2,12,5,1.0,0.6666666666666666,1.0,0.6444444444444445
2,4,0.55,26,3,16,7,1.0,0.8333333333333334,1.0,0.8472222222222222
2,4,0.7,33,3,21,9,1.0,0.6666666666666666,1.0,0.6444444444444445
2,4,0.85,40,4,25,11,0.9696969696969697,1.0,0.9775910364145658,1.0
2,4,1.0,48,5,30,13,0.9743589743589745,1.0,0.9812021857923497,1.0
3,0,0.4,19,2,12,5,1.0,0.8888888888888888,1.0,0.9111111111111111
3,0,0.55,26,2,16,8,1.0,0.8888888888888888,1.0,0.9111111111111111
3,0,0.7,33,3,20,10,1.0,1.0,1.0,1.0
3,0,0.85,40,3,25,12,0.9722222222222222,1.0,0.9789712986643933,1.0
3,0,1.0,48,4,30,14,0.9761904761904763,1.0,0.9821898401133374,1.0
3,1,0.4,19,2,11,6,1.0,0.625,1.0,0.5773809523809524
3,1,0.55,26,3,16,7,1.0,0.7777777777777777,1.0,0.7962962962962963
3,1,0.7,33,3,20,10,1.0,0.5555555555555555,1.0,0.562962962962963
3,1,0.85,40,4,24,12,1.0,0.8888888888888888,1.0,0.9137254901960784
3,1,1.0,48,5,29,14,1.0,0.8888888888888888,1.0,0.9137254901960784
3,2,0.4,19,2,11,6,1.0,0.5555555555555555,1.0,0.562962962962963
3,2,0.55,26,3,16,7,1.0,0.9583333333333334,1.0,0.9301587301587301
3,2,0.7,33,3,20,10,0.9666666666666667,0.9583333333333334,0.9743260590500641,0.9301587301587301
3,2,0.85,40,4,24,12,0.9722222222222222,0.8888888888888888,0.9787045252883763,0.9137254901960784
3,2,1.0,48,5,29,14,0.9761904761904763,1.0,0.98200460347353,1.0
3,3,0.4,19,2,12,5,1.0,1.0,1.0,1.0
3,3,0.55,26,3,16,7,1.0,0.9523809523809524,1.0,0.9373219373219372
3,3,0.7,33,3,21,9,0.9629629629629629,1.0,0.972640218878249,1.0
3,3,0.85,40,4,25,11,0.9696969696969697,1.0,0.9775910364145658,1.0
3,3,1.0,48,5,30,13,0.9743589743589745,1.0,0.9812021857923497,1.0
3,4,0.4,19,2,12,5,1.0,0.4523809523809524,1.0,0.44047619047619047
3,4,0.55,26,3,16,7,1.0,0.5,1.0,0.49673202614379086
3,4,0.7,33,3,21,9,1.0,0.75,1.0,0.7411764705882353
3,4,0.85,40,4,25,11,1.0,0.7857142857142857,1.0,0.7904761904761904
3,4,1.0,48,5,30,13,1.0,0.8333333333333334,1.0,0.8472222222222222
4,0,0.4,19,2,12,5,1.0,0.6666666666666666,1.0,0.6078431372549019
4,0,0.55,26,2,16,8,1.0,0.8888888888888888,1.0,0.9111111111111111
4,0,0.7,33,3,20,10,1.0,0.6666666666666666,1.0,0.6078431372549019
4,0,0.85,40,3,25,12,1.0,0.5,1.0,0.48148148148148145
4,0,1.0,48,4,30,14,1.0,0.6666666666666666,1.0,0.6078431372549019
4,1,0.4,19,2,11,6,1.0,0.7777777777777777,1.0,0.7962962962962963
4,1,0.55,26,3,16,7,1.0,0.7777777777777777,1.0,0.7962962962962963
4,1,0.7,33,3,20,10,1.0,0.4444444444444444,1.0,0.4473684210526316
4,1,0.85,40,4,24,12,1.0,0.4444444444444444,1.0,0.4473684210526316
4,1,1.0,48,5,29,14,0.9761904761904763,0.7777777777777777,0.98200460347353,0.7962962962962963
4,2,0.4,19,2,11,6,1.0,0.9166666666666666,1.0,0.8690476190476191
4,2,0.55,26,3,16,7,1.0,0.9166666666666666,1.0,0.8690476190476191
4,2,0.7,33,3,20,10,0.9666666666666667,1.0,0.9743260590500641,1.0
4,2,0.85,40,4,24,12,0.9722222222222222,1.0,0.9787045252883763,1.0
4,2,1.0,48,5,29,14,0.9761904761904763,1.0,0.98200460347353,1.0
4,3,0.4,19,2,12,5,1.0,0.9166666666666666,1.0,0.9301587301587301
4,3,0.55,26,3,16,7,1.0,1.0,1.0,1.0
4,3,0.7,33,3,21,9,1.0,0.9166666666666666,1.0,0.9301587301587301
4,3,0.85,40,4,25,11,1.0,0.9047619047619048,1.0,0.8777777777777778
4,3,1.0,48,5,30,13,0.9743589743589745,1.0,0.9812021857923497,1.0
4,4,0.4,19,2,12,5,1.0,0.8690476190476191,1.0,0.8690476190476191
4,4,0.55,26,3,16,7,1.0,0.9166666666666666,1.0,0.9301587301587301
4,4,0.7,33,3,21,9,1.0,0.9523809523809524,1.0,0.9373219373219372
4,4,0.85,40,4,25,11,0.9696969696969697,1.0,0.9775910364145658,1.0
4,4,1.0,48,5,30,13,0.9743589743589745,1.0,0.9812021857923497,1.0
5,0,0.4,19,2,12,5,1.0,0.5555555555555555,1.0,0.5411764705882353
5,0,0.55,26,2,16,8,1.0,0.6666666666666666,1.0,0.625
5,0,0.7,33,3,20,10,1.0,0.5555555555555555,1.0,0.5411764705882353
5,0,0.85,40,3,25,12,1.0,0.6666666666666666,1.0,0.625
5,0,1.0,48,4,30,14,0.9761904761904763,0.6666666666666666,0.9821898401133374,0.625
5,1,0.4,19,2,11,6,1.0,0.9166666666666666,1.0,0.7936507936507936
5,1,0.55,26,3,16,7,1.0,0.7638888888888888,1.0,0.7380952380952381
5,1,0.7,33,3,20,10,1.0,1.0,1.0,1.0
5,1,0.85,40,4,24,12,0.9722222222222222,0.9583333333333334,0.9787045252883763,0.9301587301587301
5,1,1.0,48,5,29,14,0.9761904761904763,0.9583333333333334,0.98200460347353,0.9301587301587301
5,2,0.4,19,2,11,6,1.0,0.8888888888888888,1.0,0.9137254901960784
5,2,0.55,26,3,16,7,1.0,0.8888888888888888,1.0,0.9137254901960784
5,2,0.7,33,3,20,10,0.9666666666666667,1.0,0.9743260590500641,1.0
5,2,0.85,40,4,24,12,0.9722222222222222,1.0,0.9787045252883763,1.0
5,2,1.0,48,5,29,14,0.9761904761904763,1.0,0.98200460347353,1.0
5,3,0.4,19,2,12,5,1.0,0.8333333333333334,1.0,0.8472222222222222
5,3,0.55,26,3,16,7,1.0,0.75,1.0,0.7411764705882353
5,3,0.7,33,3,21,9,1.0,0.9166666666666666,1.0,0.9301587301587301
5,3,0.85,40,4,25,11,1.0,0.8333333333333334,1.0,0.8472222222222222
5,3,1.0,48,5,30,13,1.0,0.9166666666666666,1.0,0.9301587301587301
5,4,0.4,19,2,12,5,1.0,0.7857142857142857,1.0,0.7904761904761904
5,4,0.55,26,3,16,7,1.0,1.0,1.0,1.0
5,4,0.7,33,3,21,9,1.0,1.0,1.0,1.0
5,4,0.85,40,4,25,11,1.0,0.9166666666666666,1.0,0.9301587301587301
5,4,1.0,48,5,30,13,0.9743589743589745,1.0,0.9812021857923497,1.0
6,0,0.4,19,2,12,5,1.0,1.0,1.0,1.0
6,0,0.55,26,2,16,8,1.0,0.8888888888888888,1.0,0.9111111111111111
6,0,0.7,33,3,20,10,0.9666666666666667,1.0,0.9743260590500641,1.0
6,0,0.85,40,3,25,12,0.9722222222222222,1.0,0.9789712986643933,1.0
6,0,1.0,48,4,30,14,0.9761904761904763,1.0,0.9821898401133374,1.0
6,1,0.4,19,2,11,6,1.0,0.6666666666666666,1.0,0.6470588235294118
6,1,0.55,26,3,16,7,1.0,1.0,1.0,1.0
6,1,0.7,33,3,20,10,1.0,0.5833333333333334,1.0,0.5166666666666667
6,1,0.85,40,4,24,12,1.0,0.9583333333333334,1.0,0.9301587301587301
6,1,1.0,48,5,29,14,1.0,1.0,1.0,1.0
6,2,0.4,19,2,11,6,1.0,0.9166666666666666,1.0,0.8690476190476191
6,2,0.55,26,3,16,7,1.0,0.9583333333333334,1.0,0.9301587301587301
6,2,0.7,33,3,20,10,1.0,0.8472222222222222,1.0,0.8472222222222222
6,2,0.85,40,4,24,12,0.9722222222222222,1.0,0.9787045252883763,1.0
6,2,1.0,48,5,29,14,0.9761904761904763,1.0,0.98200460347353,1.0
6,3,0.4,19,2,12,5,1.0,0.8333333333333334,1.0,0.8472222222222222
6,3,0.55,26,3,16,7,1.0,0.9166666666666666,1.0,0.9301587301587301
6,3,0.7,33,3,21,9,1.0,0.9166666666666666,1.0,0.9301587301587301
6,3,0.85,40,4,25,11,1.0,0.4166666666666667,1.0,0.3925925925925926
6,3,1.0,48,5,30,13,0.9743589743589745,0.8333333333333334,0.9812021857923497,0.8472222222222222
6,4,0.4,19,2,12,5,1.0,1.0,1.0,1.0
6,4,0.55,26,3,16,7,1.0,0.9166666666666666,1.0,0.9301587301587301
6,4,0.7,33,3,21,9,1.0,0.9166666666666666,1.0,0.9301587301587301
6,4,0.85,40,4,25,11,1.0,0.9166666666666666,1.0,0.9301587301587301
6,4,1.0,48,5,30,13,1.0,0.9166666666666666,1.0,0.9301587301587301
7,0,0.4,19,2,12,5,1.0,0.7777777777777777,1.0,0.7916666666666666
7,0,0.55,26,2,16,8,1.0,0.8888888888888888,1.0,0.9111111111111111
7,0,0.7,33,3,20,10,1.0,0.7777777777777777,1.0,0.7916666666666666
7,0,0.85,40,3,25,12,1.0,0.8888888888888888,1.0,0.9111111111111111
7,0,1.0,48,4,30,14,1.0,0.8888888888888888,1.0,0.9111111111111111
7,1,0.4,19,2,11,6,1.0,0.8888888888888888,1.0,0.9137254901960784
7,1,0.55,26,3,16,7,1.0,1.0,1.0,1.0
7,1,0.7,33,3,20,10,0.9666666666666667,1.0,0.9743260590500641,1.0
7,1,0.85,40,4,24,12,0.9722222222222222,1.0,0.9787045252883763,1.0
7,1,1.0,48,5,29,14,0.9761904761904763,1.0,0.98200460347353,1.0
7,2,0.4,19,2,11,6,1.0,0.625,1.0,0.5773809523809524
7,2,0.55,26,3,16,7,1.0,0.8333333333333334,1.0,0.7555555555555555
7,2,0.7,33,3,20,10,1.0,1.0,1.0,1.0
7,2,0.85,40,4,24,12,0.9722222222222222,1.0,0.9787045252883763,1.0
7,2,1.0,48,5,29,14,0.9761904761904763,1.0,0.98200460347353,1.0
7,3,0.4,19,2,12,5,1.0,0.8333333333333334,1.0,0.8472222222222222
7,3,0.55,26,3,16,7,1.0,0.8333333333333334,1.0,0.8472222222222222
7,3,0.7,33,3,21,9,1.0,0.8333333333333334,1.0,0.8472222222222222
7,3,0.85,40,4,25,11,1.0,0.8333333333333334,1.0,0.8472222222222222
7,3,1.0,48,5,30,13,0.9743589743589745,0.8333333333333334,0.9812021857923497,0.8472222222222222
7,4,0.4,19,2,12,5,1.0,1.0,1.0,1.0
7,4,0.55,26,3,16,7,1.0,0.9047619047619048,1.0,0.8777777777777778
7,4,0.7,33,3,21,9,1.0,0.6666666666666666,1.0,0.6444444444444445
7,4,0.85,40,4,25,11,1.0,0.9047619047619048,1.0,0.8777777777777778
7,4,1.0,48,5,30,13,0.9743589743589745,1.0,0.9812021857923497,1.0
8,0,0.4,19,2,12,5,1.0,0.8888888888888888,1.0,0.9111111111111111
8,0,0.55,26,2,16,8,1.0,0.7777777777777777,1.0,0.7916666666666666
8,0,0.7,33,3,21,9,1.0,0.8888888888888888,1.0,0.9111111111111111
8,0,0.85,40,3,25,12,1.0,0.8888888888888888,1.0,0.9111111111111111
8,0,1.0,48,4,30,14,1.0,0.8888888888888888,1.0,0.9111111111111111
8,1,0.4,19,2,11,6,1.0,0.47222222222222215,1.0,0.44047619047619047
8,1,0.55,26,3,16,7,1.0,0.6666666666666666,1.0,0.6470588235294118
8,1,0.7,33,3,20,10,1.0,0.8472222222222222,1.0,0.8472222222222222
8,1,0.85,40,4,24,12,0.9722222222222222,1.0,0.9787045252883763,1.0
8,1,1.0,48,5,29,14,0.9761904761904763,1.0,0.98200460347353,1.0
8,2,0.4,19,2,11,6,1.0,0.5833333333333334,1.0,0.5166666666666667
8,2,0.55,26,3,16,7,1.0,0.9583333333333334,1.0,0.9301587301587301
8,2,0.7,33,3,20,10,1.0,1.0,1.0,1.0
8,2,0.85,40,4,24,12,1.0,1.0,1.0,1.0
8,2,1.0,48,5,29,14,0.9761904761904763,1.0,0.98200460347353,1.0
8,3,0.4,19,2,12,5,1.0,1.0,1.0,1.0
8,3,0.55,26,3,16,7,1.0,1.0,1.0,1.0
8,3,0.7,33,3,21,9,1.0,0.8333333333333334,1.0,0.8472222222222222
8,3,0.85,40,4,25,11,0.9696969696969697,1.0,0.9775910364145658,1.0
8,3,1.0,48,5,30,13,0.9743589743589745,1.0,0.9812021857923497,1.0
8,4,0.4,19,2,12,5,1.0,1.0,1.0,1.0
8,4,0.55,26,3,16,7,1.0,1.0,1.0,1.0
8,4,0.7,33,3,21,9,1.0,0.9166666666666666,1.0,0.9301587301587301
8,4,0.85,40,4,25,11,0.9696969696969697,1.0,0.9775910364145658,1.0
8,4,1.0,48,5,30,13,0.9743589743589745,1.0,0.9812021857923497,1.0
9,0,0.4,19,2,12,5,1.0,0.7301587301587301,1.0,0.7333333333333334
9,0,0.55,26,2,16,8,1.0,0.6190476190476191,1.0,0.5523809523809523
9,0,0.7,33,3,21,9,1.0,0.6984126984126983,1.0,0.6632996632996633
9,0,0.85,40,3,25,12,1.0,1.0,1.0,1.0
9,0,1.0,48,4,30,14,1.0,0.9523809523809524,1.0,0.9267399267399267
9,1,0.4,19,2,11,6,1.0,0.6666666666666666,1.0,0.6470588235294118
9,1,0.55,26,3,16,7,1.0,1.0,1.0,1.0
9,1,0.7,33,3,20,10,1.0,1.0,1.0,1.0
9,1,0.85,40,4,24,12,0.9722222222222222,1.0,0.9787045252883763,1.0
9,1,1.0,48,5,29,14,0.9761904761904763,1.0,0.98200460347353,1.0
9,2,0.4,19,2,11,6,1.0,0.8333333333333334,1.0,0.7555555555555555
9,2,0.55,26,3,16,7,1.0,0.6666666666666666,1.0,0.6470588235294118
9,2,0.7,33,3,20,10,1.0,0.625,1.0,0.5773809523809524
9,2,0.85,40,4,24,12,1.0,0.9166666666666666,1.0,0.8690476190476191
9,2,1.0,48,5,29,14,0.9761904761904763,1.0,0.98200460347353,1.0
9,3,0.4,19,2,12,5,1.0,1.0,1.0,1.0
9,3,0.55,26,3,16,7,1.0,0.8333333333333334,1.0,0.8472222222222222
9,3,0.7,33,3,21,9,0.9629629629629629,0.6666666666666666,0.972640218878249,0.6444444444444445
9,3,0.85,40,4,25,11,0.9696969696969697,0.8333333333333334,0.9775910364145658,0.8472222222222222
9,3,1.0,48,5,30,13,0.9743589743589745,1.0,0.9812021857923497,1.0
9,4,0.4,19,2,12,5,1.0,0.8333333333333334,1.0,0.8472222222222222
9,4,0.55,26,3,16,7,1.0,0.9166666666666666,1.0,0.9301587301587301
9,4,0.7,33,3,21,9,1.0,0.9166666666666666,1.0,0.9301587301587301
9,4,0.85,40,4,25,11,1.0,0.9166666666666666,1.0,0.9301587301587301
9,4,1.0,48,5,30,13,1.0,0.9166666666666666,1.0,0.9301587301587301
