repeat,fold,weighted,inner_best_balanced_accuracy,best_params,sensitivity_set
0,0,False,0.9222222222222222,"{""model__learning_rate"": 0.03, ""model__max_depth"": 2, ""model__min_samples_leaf"": 2, ""model__n_estimators"": 50}",combined_without_exercise
0,1,False,0.8166666666666668,"{""model__learning_rate"": 0.1, ""model__max_depth"": 1, ""model__min_samples_leaf"": 2, ""model__n_estimators"": 100}",combined_without_exercise
0,2,False,0.6666666666666666,"{""model__learning_rate"": 0.1, ""model__max_depth"": 1, ""model__min_samples_leaf"": 2, ""model__n_estimators"": 50}",combined_without_exercise
0,3,False,0.861111111111111,"{""model__learning_rate"": 0.1, ""model__max_depth"": 1, ""model__min_samples_leaf"": 2, ""model__n_estimators"": 50}",combined_without_exercise
0,4,False,0.6944444444444445,"{""model__learning_rate"": 0.1, ""model__max_depth"": 1, ""model__min_samples_leaf"": 2, ""model__n_estimators"": 100}",combined_without_exercise
1,0,False,0.9111111111111111,"{""model__learning_rate"": 0.03, ""model__max_depth"": 1, ""model__min_samples_leaf"": 2, ""model__n_estimators"": 100}",combined_without_exercise
1,1,False,0.7666666666666667,"{""model__learning_rate"": 0.03, ""model__max_depth"": 2, ""model__min_samples_leaf"": 2, ""model__n_estimators"": 50}",combined_without_exercise
1,2,False,0.9222222222222222,"{""model__learning_rate"": 0.03, ""model__max_depth"": 1, ""model__min_samples_leaf"": 2, ""model__n_estimators"": 100}",combined_without_exercise
1,3,False,0.8777777777777778,"{""model__learning_rate"": 0.1, ""model__max_depth"": 1, ""model__min_samples_leaf"": 2, ""model__n_estimators"": 100}",combined_without_exercise
1,4,False,0.6555555555555556,"{""model__learning_rate"": 0.1, ""model__max_depth"": 2, ""model__min_samples_leaf"": 4, ""model__n_estimators"": 100}",combined_without_exercise
2,0,False,0.6111111111111112,"{""model__learning_rate"": 0.1, ""model__max_depth"": 2, ""model__min_samples_leaf"": 2, ""model__n_estimators"": 100}",combined_without_exercise
2,1,False,0.7308641975308642,"{""model__learning_rate"": 0.1, ""model__max_depth"": 2, ""model__min_samples_leaf"": 2, ""model__n_estimators"": 50}",combined_without_exercise
2,2,False,0.9111111111111111,"{""model__learning_rate"": 0.1, ""model__max_depth"": 1, ""model__min_samples_leaf"": 4, ""model__n_estimators"": 100}",combined_without_exercise
2,3,False,0.6888888888888888,"{""model__learning_rate"": 0.1, ""model__max_depth"": 2, ""model__min_samples_leaf"": 2, ""model__n_estimators"": 100}",combined_without_exercise
2,4,False,0.8888888888888888,"{""model__learning_rate"": 0.03, ""model__max_depth"": 1, ""model__min_samples_leaf"": 2, ""model__n_estimators"": 100}",combined_without_exercise
3,0,False,0.7333333333333334,"{""model__learning_rate"": 0.03, ""model__max_depth"": 2, ""model__min_samples_leaf"": 2, ""model__n_estimators"": 100}",combined_without_exercise
3,1,False,0.9444444444444445,"{""model__learning_rate"": 0.03, ""model__max_depth"": 1, ""model__min_samples_leaf"": 2, ""model__n_estimators"": 100}",combined_without_exercise
3,2,False,0.7876543209876544,"{""model__learning_rate"": 0.1, ""model__max_depth"": 1, ""model__min_samples_leaf"": 4, ""model__n_estimators"": 100}",combined_without_exercise
3,3,False,0.6055555555555555,"{""model__learning_rate"": 0.03, ""model__max_depth"": 1, ""model__min_samples_leaf"": 2, ""model__n_estimators"": 100}",combined_without_exercise
3,4,False,0.7777777777777778,"{""model__learning_rate"": 0.03, ""model__max_depth"": 1, ""model__min_samples_leaf"": 2, ""model__n_estimators"": 50}",combined_without_exercise
4,0,False,0.8333333333333334,"{""model__learning_rate"": 0.03, ""model__max_depth"": 2, ""model__min_samples_leaf"": 2, ""model__n_estimators"": 50}",combined_without_exercise
4,1,False,0.8320987654320988,"{""model__learning_rate"": 0.03, ""model__max_depth"": 1, ""model__min_samples_leaf"": 4, ""model__n_estimators"": 100}",combined_without_exercise
4,2,False,0.7654320987654321,"{""model__learning_rate"": 0.1, ""model__max_depth"": 1, ""model__min_samples_leaf"": 2, ""model__n_estimators"": 100}",combined_without_exercise
4,3,False,0.75,"{""model__learning_rate"": 0.03, ""model__max_depth"": 2, ""model__min_samples_leaf"": 4, ""model__n_estimators"": 100}",combined_without_exercise
4,4,False,0.7833333333333333,"{""model__learning_rate"": 0.1, ""model__max_depth"": 1, ""model__min_samples_leaf"": 2, ""model__n_estimators"": 100}",combined_without_exercise
5,0,False,0.9222222222222222,"{""model__learning_rate"": 0.03, ""model__max_depth"": 1, ""model__min_samples_leaf"": 2, ""model__n_estimators"": 50}",combined_without_exercise
5,1,False,0.7055555555555556,"{""model__learning_rate"": 0.1, ""model__max_depth"": 1, ""model__min_samples_leaf"": 4, ""model__n_estimators"": 100}",combined_without_exercise
5,2,False,0.8320987654320988,"{""model__learning_rate"": 0.03, ""model__max_depth"": 2, ""model__min_samples_leaf"": 2, ""model__n_estimators"": 50}",combined_without_exercise
5,3,False,0.6944444444444445,"{""model__learning_rate"": 0.1, ""model__max_depth"": 1, ""model__min_samples_leaf"": 4, ""model__n_estimators"": 100}",combined_without_exercise
5,4,False,0.85,"{""model__learning_rate"": 0.03, ""model__max_depth"": 2, ""model__min_samples_leaf"": 2, ""model__n_estimators"": 100}",combined_without_exercise
6,0,False,0.6,"{""model__learning_rate"": 0.03, ""model__max_depth"": 1, ""model__min_samples_leaf"": 2, ""model__n_estimators"": 50}",combined_without_exercise
6,1,False,0.8222222222222223,"{""model__learning_rate"": 0.03, ""model__max_depth"": 2, ""model__min_samples_leaf"": 2, ""model__n_estimators"": 50}",combined_without_exercise
6,2,False,0.7765432098765431,"{""model__learning_rate"": 0.03, ""model__max_depth"": 2, ""model__min_samples_leaf"": 2, ""model__n_estimators"": 100}",combined_without_exercise
6,3,False,0.8611111111111112,"{""model__learning_rate"": 0.03, ""model__max_depth"": 2, ""model__min_samples_leaf"": 2, ""model__n_estimators"": 100}",combined_without_exercise
6,4,False,0.7444444444444445,"{""model__learning_rate"": 0.1, ""model__max_depth"": 1, ""model__min_samples_leaf"": 2, ""model__n_estimators"": 100}",combined_without_exercise
7,0,False,0.9444444444444445,"{""model__learning_rate"": 0.03, ""model__max_depth"": 1, ""model__min_samples_leaf"": 2, ""model__n_estimators"": 100}",combined_without_exercise
7,1,False,0.6876543209876543,"{""model__learning_rate"": 0.03, ""model__max_depth"": 1, ""model__min_samples_leaf"": 2, ""model__n_estimators"": 100}",combined_without_exercise
7,2,False,0.7796296296296296,"{""model__learning_rate"": 0.03, ""model__max_depth"": 1, ""model__min_samples_leaf"": 2, ""model__n_estimators"": 100}",combined_without_exercise
7,3,False,0.75,"{""model__learning_rate"": 0.03, ""model__max_depth"": 1, ""model__min_samples_leaf"": 2, ""model__n_estimators"": 50}",combined_without_exercise
7,4,False,0.7611111111111111,"{""model__learning_rate"": 0.03, ""model__max_depth"": 1, ""model__min_samples_leaf"": 2, ""model__n_estimators"": 50}",combined_without_exercise
8,0,False,0.6555555555555554,"{""model__learning_rate"": 0.1, ""model__max_depth"": 1, ""model__min_samples_leaf"": 4, ""model__n_estimators"": 100}",combined_without_exercise
8,1,False,0.8500000000000001,"{""model__learning_rate"": 0.1, ""model__max_depth"": 1, ""model__min_samples_leaf"": 2, ""model__n_estimators"": 50}",combined_without_exercise
8,2,False,0.9111111111111111,"{""model__learning_rate"": 0.03, ""model__max_depth"": 2, ""model__min_samples_leaf"": 2, ""model__n_estimators"": 50}",combined_without_exercise
8,3,False,0.7444444444444445,"{""model__learning_rate"": 0.1, ""model__max_depth"": 1, ""model__min_samples_leaf"": 2, ""model__n_estimators"": 50}",combined_without_exercise
8,4,False,0.5222222222222223,"{""model__learning_rate"": 0.03, ""model__max_depth"": 2, ""model__min_samples_leaf"": 2, ""model__n_estimators"": 100}",combined_without_exercise
9,0,False,0.7055555555555556,"{""model__learning_rate"": 0.03, ""model__max_depth"": 1, ""model__min_samples_leaf"": 4, ""model__n_estimators"": 100}",combined_without_exercise
9,1,False,0.774074074074074,"{""model__learning_rate"": 0.03, ""model__max_depth"": 1, ""model__min_samples_leaf"": 2, ""model__n_estimators"": 100}",combined_without_exercise
9,2,False,0.7722222222222221,"{""model__learning_rate"": 0.1, ""model__max_depth"": 1, ""model__min_samples_leaf"": 2, ""model__n_estimators"": 100}",combined_without_exercise
9,3,False,0.8944444444444444,"{""model__learning_rate"": 0.03, ""model__max_depth"": 1, ""model__min_samples_leaf"": 2, ""model__n_estimators"": 100}",combined_without_exercise
9,4,False,0.8333333333333334,"{""model__learning_rate"": 0.1, ""model__max_depth"": 2, ""model__min_samples_leaf"": 4, ""model__n_estimators"": 50}",combined_without_exercise
0,0,False,0.9444444444444445,"{""model__learning_rate"": 0.03, ""model__max_depth"": 2, ""model__min_samples_leaf"": 2, ""model__n_estimators"": 50}",combined_without_lifestyle
0,1,False,0.7611111111111111,"{""model__learning_rate"": 0.03, ""model__max_depth"": 2, ""model__min_samples_leaf"": 2, ""model__n_estimators"": 50}",combined_without_lifestyle
0,2,False,0.7222222222222222,"{""model__learning_rate"": 0.1, ""model__max_depth"": 1, ""model__min_samples_leaf"": 2, ""model__n_estimators"": 50}",combined_without_lifestyle
0,3,False,0.8444444444444444,"{""model__learning_rate"": 0.03, ""model__max_depth"": 1, ""model__min_samples_leaf"": 2, ""model__n_estimators"": 50}",combined_without_lifestyle
0,4,False,0.6833333333333332,"{""model__learning_rate"": 0.1, ""model__max_depth"": 1, ""model__min_samples_leaf"": 2, ""model__n_estimators"": 100}",combined_without_lifestyle
1,0,False,0.9222222222222222,"{""model__learning_rate"": 0.03, ""model__max_depth"": 1, ""model__min_samples_leaf"": 2, ""model__n_estimators"": 100}",combined_without_lifestyle
1,1,False,0.7555555555555555,"{""model__learning_rate"": 0.03, ""model__max_depth"": 2, ""model__min_samples_leaf"": 2, ""model__n_estimators"": 50}",combined_without_lifestyle
1,2,False,0.9222222222222222,"{""model__learning_rate"": 0.03, ""model__max_depth"": 1, ""model__min_samples_leaf"": 2, ""model__n_estimators"": 100}",combined_without_lifestyle
1,3,False,0.8777777777777778,"{""model__learning_rate"": 0.1, ""model__max_depth"": 1, ""model__min_samples_leaf"": 2, ""model__n_estimators"": 100}",combined_without_lifestyle
1,4,False,0.7111111111111111,"{""model__learning_rate"": 0.03, ""model__max_depth"": 2, ""model__min_samples_leaf"": 4, ""model__n_estimators"": 100}",combined_without_lifestyle
2,0,False,0.688888888888889,"{""model__learning_rate"": 0.1, ""model__max_depth"": 1, ""model__min_samples_leaf"": 2, ""model__n_estimators"": 50}",combined_without_lifestyle
2,1,False,0.762962962962963,"{""model__learning_rate"": 0.1, ""model__max_depth"": 2, ""model__min_samples_leaf"": 4, ""model__n_estimators"": 100}",combined_without_lifestyle
2,2,False,0.9111111111111111,"{""model__learning_rate"": 0.1, ""model__max_depth"": 1, ""model__min_samples_leaf"": 4, ""model__n_estimators"": 100}",combined_without_lifestyle
2,3,False,0.6277777777777778,"{""model__learning_rate"": 0.1, ""model__max_depth"": 1, ""model__min_samples_leaf"": 2, ""model__n_estimators"": 100}",combined_without_lifestyle
2,4,False,0.8888888888888888,"{""model__learning_rate"": 0.1, ""model__max_depth"": 1, ""model__min_samples_leaf"": 2, ""model__n_estimators"": 50}",combined_without_lifestyle
3,0,False,0.65,"{""model__learning_rate"": 0.03, ""model__max_depth"": 1, ""model__min_samples_leaf"": 4, ""model__n_estimators"": 100}",combined_without_lifestyle
3,1,False,0.9444444444444445,"{""model__learning_rate"": 0.03, ""model__max_depth"": 2, ""model__min_samples_leaf"": 2, ""model__n_estimators"": 50}",combined_without_lifestyle
3,2,False,0.7654320987654321,"{""model__learning_rate"": 0.03, ""model__max_depth"": 1, ""model__min_samples_leaf"": 4, ""model__n_estimators"": 100}",combined_without_lifestyle
3,3,False,0.6055555555555555,"{""model__learning_rate"": 0.03, ""model__max_depth"": 2, ""model__min_samples_leaf"": 2, ""model__n_estimators"": 50}",combined_without_lifestyle
3,4,False,0.8777777777777778,"{""model__learning_rate"": 0.1, ""model__max_depth"": 2, ""model__min_samples_leaf"": 2, ""model__n_estimators"": 100}",combined_without_lifestyle
4,0,False,0.8777777777777778,"{""model__learning_rate"": 0.1, ""model__max_depth"": 2, ""model__min_samples_leaf"": 2, ""model__n_estimators"": 50}",combined_without_lifestyle
4,1,False,0.8444444444444444,"{""model__learning_rate"": 0.03, ""model__max_depth"": 1, ""model__min_samples_leaf"": 4, ""model__n_estimators"": 100}",combined_without_lifestyle
4,2,False,0.7987654320987655,"{""model__learning_rate"": 0.1, ""model__max_depth"": 1, ""model__min_samples_leaf"": 2, ""model__n_estimators"": 50}",combined_without_lifestyle
4,3,False,0.7277777777777777,"{""model__learning_rate"": 0.03, ""model__max_depth"": 1, ""model__min_samples_leaf"": 2, ""model__n_estimators"": 100}",combined_without_lifestyle
4,4,False,0.75,"{""model__learning_rate"": 0.1, ""model__max_depth"": 1, ""model__min_samples_leaf"": 2, ""model__n_estimators"": 100}",combined_without_lifestyle
5,0,False,0.911111111111111,"{""model__learning_rate"": 0.03, ""model__max_depth"": 1, ""model__min_samples_leaf"": 2, ""model__n_estimators"": 50}",combined_without_lifestyle
5,1,False,0.6018518518518517,"{""model__learning_rate"": 0.1, ""model__max_depth"": 1, ""model__min_samples_leaf"": 2, ""model__n_estimators"": 50}",combined_without_lifestyle
5,2,False,0.8166666666666668,"{""model__learning_rate"": 0.03, ""model__max_depth"": 1, ""model__min_samples_leaf"": 2, ""model__n_estimators"": 100}",combined_without_lifestyle
5,3,False,0.6555555555555554,"{""model__learning_rate"": 0.03, ""model__max_depth"": 1, ""model__min_samples_leaf"": 2, ""model__n_estimators"": 100}",combined_without_lifestyle
5,4,False,0.7944444444444444,"{""model__learning_rate"": 0.03, ""model__max_depth"": 1, ""model__min_samples_leaf"": 2, ""model__n_estimators"": 50}",combined_without_lifestyle
6,0,False,0.611111111111111,"{""model__learning_rate"": 0.03, ""model__max_depth"": 1, ""model__min_samples_leaf"": 2, ""model__n_estimators"": 50}",combined_without_lifestyle
6,1,False,0.854320987654321,"{""model__learning_rate"": 0.03, ""model__max_depth"": 1, ""model__min_samples_leaf"": 2, ""model__n_estimators"": 100}",combined_without_lifestyle
6,2,False,0.754320987654321,"{""model__learning_rate"": 0.1, ""model__max_depth"": 2, ""model__min_samples_leaf"": 4, ""model__n_estimators"": 100}",combined_without_lifestyle
6,3,False,0.8166666666666668,"{""model__learning_rate"": 0.03, ""model__max_depth"": 2, ""model__min_samples_leaf"": 2, ""model__n_estimators"": 50}",combined_without_lifestyle
6,4,False,0.7333333333333334,"{""model__learning_rate"": 0.1, ""model__max_depth"": 2, ""model__min_samples_leaf"": 2, ""model__n_estimators"": 50}",combined_without_lifestyle
7,0,False,0.9444444444444445,"{""model__learning_rate"": 0.03, ""model__max_depth"": 1, ""model__min_samples_leaf"": 2, ""model__n_estimators"": 100}",combined_without_lifestyle
7,1,False,0.6888888888888888,"{""model__learning_rate"": 0.1, ""model__max_depth"": 1, ""model__min_samples_leaf"": 2, ""model__n_estimators"": 50}",combined_without_lifestyle
7,2,False,0.8197530864197531,"{""model__learning_rate"": 0.03, ""model__max_depth"": 1, ""model__min_samples_leaf"": 2, ""model__n_estimators"": 100}",combined_without_lifestyle
7,3,False,0.7944444444444444,"{""model__learning_rate"": 0.1, ""model__max_depth"": 2, ""model__min_samples_leaf"": 2, ""model__n_estimators"": 100}",combined_without_lifestyle
7,4,False,0.7944444444444444,"{""model__learning_rate"": 0.03, ""model__max_depth"": 2, ""model__min_samples_leaf"": 2, ""model__n_estimators"": 50}",combined_without_lifestyle
8,0,False,0.6555555555555554,"{""model__learning_rate"": 0.1, ""model__max_depth"": 1, ""model__min_samples_leaf"": 4, ""model__n_estimators"": 50}",combined_without_lifestyle
8,1,False,0.8500000000000001,"{""model__learning_rate"": 0.03, ""model__max_depth"": 1, ""model__min_samples_leaf"": 2, ""model__n_estimators"": 100}",combined_without_lifestyle
8,2,False,0.9222222222222222,"{""model__learning_rate"": 0.03, ""model__max_depth"": 1, ""model__min_samples_leaf"": 2, ""model__n_estimators"": 50}",combined_without_lifestyle
8,3,False,0.7666666666666666,"{""model__learning_rate"": 0.03, ""model__max_depth"": 1, ""model__min_samples_leaf"": 2, ""model__n_estimators"": 100}",combined_without_lifestyle
8,4,False,0.5333333333333333,"{""model__learning_rate"": 0.1, ""model__max_depth"": 1, ""model__min_samples_leaf"": 4, ""model__n_estimators"": 100}",combined_without_lifestyle
9,0,False,0.6722222222222222,"{""model__learning_rate"": 0.1, ""model__max_depth"": 1, ""model__min_samples_leaf"": 4, ""model__n_estimators"": 100}",combined_without_lifestyle
9,1,False,0.8555555555555555,"{""model__learning_rate"": 0.03, ""model__max_depth"": 2, ""model__min_samples_leaf"": 2, ""model__n_estimators"": 50}",combined_without_lifestyle
9,2,False,0.7833333333333332,"{""model__learning_rate"": 0.03, ""model__max_depth"": 1, ""model__min_samples_leaf"": 2, ""model__n_estimators"": 50}",combined_without_lifestyle
9,3,False,0.9166666666666666,"{""model__learning_rate"": 0.03, ""model__max_depth"": 1, ""model__min_samples_leaf"": 2, ""model__n_estimators"": 100}",combined_without_lifestyle
9,4,False,0.7555555555555555,"{""model__learning_rate"": 0.1, ""model__max_depth"": 1, ""model__min_samples_leaf"": 4, ""model__n_estimators"": 100}",combined_without_lifestyle
0,0,False,0.9222222222222222,"{""model__learning_rate"": 0.03, ""model__max_depth"": 1, ""model__min_samples_leaf"": 2, ""model__n_estimators"": 100}",imbalance_weighting
0,1,False,0.9499999999999998,"{""model__learning_rate"": 0.03, ""model__max_depth"": 1, ""model__min_samples_leaf"": 2, ""model__n_estimators"": 100}",imbalance_weighting
0,2,False,0.8277777777777776,"{""model__learning_rate"": 0.1, ""model__max_depth"": 2, ""model__min_samples_leaf"": 2, ""model__n_estimators"": 100}",imbalance_weighting
0,3,False,0.8722222222222221,"{""model__learning_rate"": 0.1, ""model__max_depth"": 1, ""model__min_samples_leaf"": 2, ""model__n_estimators"": 50}",imbalance_weighting
0,4,False,0.9611111111111111,"{""model__learning_rate"": 0.1, ""model__max_depth"": 1, ""model__min_samples_leaf"": 2, ""model__n_estimators"": 50}",imbalance_weighting
1,0,False,0.9111111111111111,"{""model__learning_rate"": 0.1, ""model__max_depth"": 1, ""model__min_samples_leaf"": 2, ""model__n_estimators"": 50}",imbalance_weighting
1,1,False,0.9333333333333332,"{""model__learning_rate"": 0.03, ""model__max_depth"": 1, ""model__min_samples_leaf"": 2, ""model__n_estimators"": 50}",imbalance_weighting
1,2,False,0.9222222222222222,"{""model__learning_rate"": 0.03, ""model__max_depth"": 1, ""model__min_samples_leaf"": 2, ""model__n_estimators"": 100}",imbalance_weighting
1,3,False,1.0,"{""model__learning_rate"": 0.1, ""model__max_depth"": 1, ""model__min_samples_leaf"": 2, ""model__n_estimators"": 50}",imbalance_weighting
1,4,False,0.8666666666666666,"{""model__learning_rate"": 0.03, ""model__max_depth"": 1, ""model__min_samples_leaf"": 2, ""model__n_estimators"": 100}",imbalance_weighting
2,0,False,0.9222222222222222,"{""model__learning_rate"": 0.03, ""model__max_depth"": 1, ""model__min_samples_leaf"": 2, ""model__n_estimators"": 100}",imbalance_weighting
2,1,False,0.8666666666666666,"{""model__learning_rate"": 0.1, ""model__max_depth"": 1, ""model__min_samples_leaf"": 2, ""model__n_estimators"": 100}",imbalance_weighting
2,2,False,0.9444444444444445,"{""model__learning_rate"": 0.1, ""model__max_depth"": 1, ""model__min_samples_leaf"": 4, ""model__n_estimators"": 50}",imbalance_weighting
2,3,False,0.7722222222222223,"{""model__learning_rate"": 0.1, ""model__max_depth"": 1, ""model__min_samples_leaf"": 2, ""model__n_estimators"": 50}",imbalance_weighting
2,4,False,0.9333333333333332,"{""model__learning_rate"": 0.1, ""model__max_depth"": 2, ""model__min_samples_leaf"": 2, ""model__n_estimators"": 100}",imbalance_weighting
3,0,False,0.8833333333333333,"{""model__learning_rate"": 0.03, ""model__max_depth"": 2, ""model__min_samples_leaf"": 2, ""model__n_estimators"": 100}",imbalance_weighting
3,1,False,0.9444444444444445,"{""model__learning_rate"": 0.03, ""model__max_depth"": 1, ""model__min_samples_leaf"": 2, ""model__n_estimators"": 100}",imbalance_weighting
3,2,False,0.9222222222222222,"{""model__learning_rate"": 0.1, ""model__max_depth"": 1, ""model__min_samples_leaf"": 2, ""model__n_estimators"": 100}",imbalance_weighting
3,3,False,0.9166666666666666,"{""model__learning_rate"": 0.1, ""model__max_depth"": 2, ""model__min_samples_leaf"": 2, ""model__n_estimators"": 100}",imbalance_weighting
3,4,False,0.8888888888888888,"{""model__learning_rate"": 0.03, ""model__max_depth"": 1, ""model__min_samples_leaf"": 2, ""model__n_estimators"": 50}",imbalance_weighting
4,0,False,0.9555555555555556,"{""model__learning_rate"": 0.1, ""model__max_depth"": 2, ""model__min_samples_leaf"": 2, ""model__n_estimators"": 50}",imbalance_weighting
4,1,False,0.8987654320987654,"{""model__learning_rate"": 0.1, ""model__max_depth"": 2, ""model__min_samples_leaf"": 2, ""model__n_estimators"": 100}",imbalance_weighting
4,2,False,0.9666666666666667,"{""model__learning_rate"": 0.03, ""model__max_depth"": 1, ""model__min_samples_leaf"": 2, ""model__n_estimators"": 100}",imbalance_weighting
4,3,False,0.9722222222222222,"{""model__learning_rate"": 0.03, ""model__max_depth"": 1, ""model__min_samples_leaf"": 2, ""model__n_estimators"": 50}",imbalance_weighting
4,4,False,0.861111111111111,"{""model__learning_rate"": 0.1, ""model__max_depth"": 2, ""model__min_samples_leaf"": 4, ""model__n_estimators"": 100}",imbalance_weighting
5,0,False,0.9222222222222222,"{""model__learning_rate"": 0.03, ""model__max_depth"": 1, ""model__min_samples_leaf"": 2, ""model__n_estimators"": 50}",imbalance_weighting
5,1,False,0.9055555555555556,"{""model__learning_rate"": 0.03, ""model__max_depth"": 2, ""model__min_samples_leaf"": 2, ""model__n_estimators"": 100}",imbalance_weighting
5,2,False,0.9777777777777777,"{""model__learning_rate"": 0.1, ""model__max_depth"": 1, ""model__min_samples_leaf"": 2, ""model__n_estimators"": 50}",imbalance_weighting
5,3,False,0.9666666666666667,"{""model__learning_rate"": 0.03, ""model__max_depth"": 2, ""model__min_samples_leaf"": 2, ""model__n_estimators"": 50}",imbalance_weighting
5,4,False,0.9055555555555554,"{""model__learning_rate"": 0.1, ""model__max_depth"": 1, ""model__min_samples_leaf"": 2, ""model__n_estimators"": 50}",imbalance_weighting
6,0,False,0.8555555555555555,"{""model__learning_rate"": 0.03, ""model__max_depth"": 1, ""model__min_samples_leaf"": 2, ""model__n_estimators"": 50}",imbalance_weighting
6,1,False,0.8222222222222223,"{""model__learning_rate"": 0.1, ""model__max_depth"": 1, ""model__min_samples_leaf"": 2, ""model__n_estimators"": 100}",imbalance_weighting
6,2,False,0.9432098765432099,"{""model__learning_rate"": 0.03, ""model__max_depth"": 2, ""model__min_samples_leaf"": 2, ""model__n_estimators"": 100}",imbalance_weighting
6,3,False,0.9277777777777777,"{""model__learning_rate"": 0.1, ""model__max_depth"": 2, ""model__min_samples_leaf"": 2, ""model__n_estimators"": 50}",imbalance_weighting
6,4,False,0.9277777777777777,"{""model__learning_rate"": 0.1, ""model__max_depth"": 1, ""model__min_samples_leaf"": 2, ""model__n_estimators"": 50}",imbalance_weighting
7,0,False,0.9444444444444445,"{""model__learning_rate"": 0.03, ""model__max_depth"": 1, ""model__min_samples_leaf"": 2, ""model__n_estimators"": 100}",imbalance_weighting
7,1,False,0.965432098765432,"{""model__learning_rate"": 0.03, ""model__max_depth"": 1, ""model__min_samples_leaf"": 2, ""model__n_estimators"": 100}",imbalance_weighting
7,2,False,0.804320987654321,"{""model__learning_rate"": 0.03, ""model__max_depth"": 1, ""model__min_samples_leaf"": 2, ""model__n_estimators"": 100}",imbalance_weighting
7,3,False,0.8722222222222222,"{""model__learning_rate"": 0.1, ""model__max_depth"": 1, ""model__min_samples_leaf"": 2, ""model__n_estimators"": 100}",imbalance_weighting
7,4,False,0.7722222222222223,"{""model__learning_rate"": 0.03, ""model__max_depth"": 2, ""model__min_samples_leaf"": 2, ""model__n_estimators"": 100}",imbalance_weighting
8,0,False,0.9722222222222222,"{""model__learning_rate"": 0.1, ""model__max_depth"": 1, ""model__min_samples_leaf"": 2, ""model__n_estimators"": 50}",imbalance_weighting
8,1,False,0.8500000000000001,"{""model__learning_rate"": 0.03, ""model__max_depth"": 1, ""model__min_samples_leaf"": 2, ""model__n_estimators"": 100}",imbalance_weighting
8,2,False,0.9222222222222222,"{""model__learning_rate"": 0.03, ""model__max_depth"": 1, ""model__min_samples_leaf"": 2, ""model__n_estimators"": 100}",imbalance_weighting
8,3,False,0.9611111111111111,"{""model__learning_rate"": 0.1, ""model__max_depth"": 1, ""model__min_samples_leaf"": 2, ""model__n_estimators"": 100}",imbalance_weighting
8,4,False,0.9,"{""model__learning_rate"": 0.03, ""model__max_depth"": 2, ""model__min_samples_leaf"": 2, ""model__n_estimators"": 100}",imbalance_weighting
9,0,False,0.9388888888888888,"{""model__learning_rate"": 0.03, ""model__max_depth"": 1, ""model__min_samples_leaf"": 2, ""model__n_estimators"": 50}",imbalance_weighting
9,1,False,0.965432098765432,"{""model__learning_rate"": 0.03, ""model__max_depth"": 1, ""model__min_samples_leaf"": 2, ""model__n_estimators"": 100}",imbalance_weighting
9,2,False,0.811111111111111,"{""model__learning_rate"": 0.03, ""model__max_depth"": 2, ""model__min_samples_leaf"": 4, ""model__n_estimators"": 100}",imbalance_weighting
9,3,False,0.9055555555555556,"{""model__learning_rate"": 0.03, ""model__max_depth"": 1, ""model__min_samples_leaf"": 2, ""model__n_estimators"": 100}",imbalance_weighting
9,4,False,0.9444444444444445,"{""model__learning_rate"": 0.03, ""model__max_depth"": 1, ""model__min_samples_leaf"": 2, ""model__n_estimators"": 100}",imbalance_weighting
0,0,True,0.9777777777777777,"{""model__learning_rate"": 0.03, ""model__max_depth"": 1, ""model__min_samples_leaf"": 2, ""model__n_estimators"": 50}",imbalance_weighting
0,1,True,0.9777777777777777,"{""model__learning_rate"": 0.1, ""model__max_depth"": 1, ""model__min_samples_leaf"": 2, ""model__n_estimators"": 100}",imbalance_weighting
0,2,True,0.811111111111111,"{""model__learning_rate"": 0.03, ""model__max_depth"": 1, ""model__min_samples_leaf"": 2, ""model__n_estimators"": 50}",imbalance_weighting
0,3,True,0.861111111111111,"{""model__learning_rate"": 0.1, ""model__max_depth"": 1, ""model__min_samples_leaf"": 2, ""model__n_estimators"": 50}",imbalance_weighting
0,4,True,0.9611111111111111,"{""model__learning_rate"": 0.1, ""model__max_depth"": 1, ""model__min_samples_leaf"": 2, ""model__n_estimators"": 50}",imbalance_weighting
1,0,True,0.9555555555555554,"{""model__learning_rate"": 0.1, ""model__max_depth"": 1, ""model__min_samples_leaf"": 2, ""model__n_estimators"": 50}",imbalance_weighting
1,1,True,0.9222222222222222,"{""model__learning_rate"": 0.03, ""model__max_depth"": 1, ""model__min_samples_leaf"": 2, ""model__n_estimators"": 100}",imbalance_weighting
1,2,True,0.9111111111111111,"{""model__learning_rate"": 0.03, ""model__max_depth"": 1, ""model__min_samples_leaf"": 2, ""model__n_estimators"": 100}",imbalance_weighting
1,3,True,1.0,"{""model__learning_rate"": 0.1, ""model__max_depth"": 1, ""model__min_samples_leaf"": 2, ""model__n_estimators"": 50}",imbalance_weighting
1,4,True,0.8944444444444444,"{""model__learning_rate"": 0.03, ""model__max_depth"": 1, ""model__min_samples_leaf"": 4, ""model__n_estimators"": 100}",imbalance_weighting
2,0,True,0.9111111111111111,"{""model__learning_rate"": 0.1, ""model__max_depth"": 1, ""model__min_samples_leaf"": 2, ""model__n_estimators"": 50}",imbalance_weighting
2,1,True,0.8666666666666666,"{""model__learning_rate"": 0.1, ""model__max_depth"": 1, ""model__min_samples_leaf"": 2, ""model__n_estimators"": 100}",imbalance_weighting
2,2,True,0.9444444444444445,"{""model__learning_rate"": 0.1, ""model__max_depth"": 1, ""model__min_samples_leaf"": 4, ""model__n_estimators"": 100}",imbalance_weighting
2,3,True,0.7833333333333333,"{""model__learning_rate"": 0.1, ""model__max_depth"": 1, ""model__min_samples_leaf"": 2, ""model__n_estimators"": 50}",imbalance_weighting
2,4,True,0.8777777777777778,"{""model__learning_rate"": 0.1, ""model__max_depth"": 2, ""model__min_samples_leaf"": 2, ""model__n_estimators"": 50}",imbalance_weighting
3,0,True,0.9055555555555556,"{""model__learning_rate"": 0.03, ""model__max_depth"": 1, ""model__min_samples_leaf"": 2, ""model__n_estimators"": 100}",imbalance_weighting
3,1,True,0.9333333333333335,"{""model__learning_rate"": 0.1, ""model__max_depth"": 1, ""model__min_samples_leaf"": 2, ""model__n_estimators"": 50}",imbalance_weighting
3,2,True,0.9222222222222222,"{""model__learning_rate"": 0.1, ""model__max_depth"": 1, ""model__min_samples_leaf"": 2, ""model__n_estimators"": 100}",imbalance_weighting
3,3,True,0.9166666666666666,"{""model__learning_rate"": 0.1, ""model__max_depth"": 2, ""model__min_samples_leaf"": 2, ""model__n_estimators"": 100}",imbalance_weighting
3,4,True,0.9055555555555556,"{""model__learning_rate"": 0.03, ""model__max_depth"": 2, ""model__min_samples_leaf"": 2, ""model__n_estimators"": 50}",imbalance_weighting
4,0,True,0.8555555555555556,"{""model__learning_rate"": 0.03, ""model__max_depth"": 2, ""model__min_samples_leaf"": 4, ""model__n_estimators"": 100}",imbalance_weighting
4,1,True,0.8320987654320988,"{""model__learning_rate"": 0.03, ""model__max_depth"": 2, ""model__min_samples_leaf"": 4, ""model__n_estimators"": 50}",imbalance_weighting
4,2,True,0.9555555555555556,"{""model__learning_rate"": 0.1, ""model__max_depth"": 1, ""model__min_samples_leaf"": 2, ""model__n_estimators"": 50}",imbalance_weighting
4,3,True,0.9499999999999998,"{""model__learning_rate"": 0.03, ""model__max_depth"": 2, ""model__min_samples_leaf"": 2, ""model__n_estimators"": 50}",imbalance_weighting
4,4,True,0.861111111111111,"{""model__learning_rate"": 0.1, ""model__max_depth"": 2, ""model__min_samples_leaf"": 4, ""model__n_estimators"": 50}",imbalance_weighting
5,0,True,0.9333333333333332,"{""model__learning_rate"": 0.03, ""model__max_depth"": 1, ""model__min_samples_leaf"": 2, ""model__n_estimators"": 50}",imbalance_weighting
5,1,True,0.9055555555555556,"{""model__learning_rate"": 0.03, ""model__max_depth"": 2, ""model__min_samples_leaf"": 2, ""model__n_estimators"": 100}",imbalance_weighting
5,2,True,0.9666666666666667,"{""model__learning_rate"": 0.03, ""model__max_depth"": 1, ""model__min_samples_leaf"": 2, ""model__n_estimators"": 100}",imbalance_weighting
5,3,True,0.9666666666666667,"{""model__learning_rate"": 0.03, ""model__max_depth"": 1, ""model__min_samples_leaf"": 2, ""model__n_estimators"": 100}",imbalance_weighting
5,4,True,0.9055555555555554,"{""model__learning_rate"": 0.1, ""model__max_depth"": 1, ""model__min_samples_leaf"": 2, ""model__n_estimators"": 50}",imbalance_weighting
6,0,True,0.9666666666666667,"{""model__learning_rate"": 0.1, ""model__max_depth"": 2, ""model__min_samples_leaf"": 2, ""model__n_estimators"": 100}",imbalance_weighting
6,1,True,0.8555555555555555,"{""model__learning_rate"": 0.03, ""model__max_depth"": 2, ""model__min_samples_leaf"": 2, ""model__n_estimators"": 50}",imbalance_weighting
6,2,True,0.9320987654320988,"{""model__learning_rate"": 0.03, ""model__max_depth"": 2, ""model__min_samples_leaf"": 2, ""model__n_estimators"": 50}",imbalance_weighting
6,3,True,0.8833333333333333,"{""model__learning_rate"": 0.03, ""model__max_depth"": 2, ""model__min_samples_leaf"": 4, ""model__n_estimators"": 100}",imbalance_weighting
6,4,True,0.9333333333333332,"{""model__learning_rate"": 0.1, ""model__max_depth"": 1, ""model__min_samples_leaf"": 4, ""model__n_estimators"": 100}",imbalance_weighting
7,0,True,1.0,"{""model__learning_rate"": 0.1, ""model__max_depth"": 1, ""model__min_samples_leaf"": 2, ""model__n_estimators"": 100}",imbalance_weighting
7,1,True,0.9530864197530864,"{""model__learning_rate"": 0.1, ""model__max_depth"": 1, ""model__min_samples_leaf"": 2, ""model__n_estimators"": 50}",imbalance_weighting
7,2,True,0.8351851851851851,"{""model__learning_rate"": 0.03, ""model__max_depth"": 2, ""model__min_samples_leaf"": 4, ""model__n_estimators"": 100}",imbalance_weighting
7,3,True,0.861111111111111,"{""model__learning_rate"": 0.1, ""model__max_depth"": 1, ""model__min_samples_leaf"": 2, ""model__n_estimators"": 100}",imbalance_weighting
7,4,True,0.7722222222222221,"{""model__learning_rate"": 0.1, ""model__max_depth"": 2, ""model__min_samples_leaf"": 4, ""model__n_estimators"": 100}",imbalance_weighting
8,0,True,0.9611111111111111,"{""model__learning_rate"": 0.1, ""model__max_depth"": 1, ""model__min_samples_leaf"": 2, ""model__n_estimators"": 50}",imbalance_weighting
8,1,True,0.8500000000000001,"{""model__learning_rate"": 0.1, ""model__max_depth"": 1, ""model__min_samples_leaf"": 2, ""model__n_estimators"": 100}",imbalance_weighting
8,2,True,0.9222222222222222,"{""model__learning_rate"": 0.03, ""model__max_depth"": 1, ""model__min_samples_leaf"": 2, ""model__n_estimators"": 100}",imbalance_weighting
8,3,True,0.9722222222222222,"{""model__learning_rate"": 0.1, ""model__max_depth"": 1, ""model__min_samples_leaf"": 2, ""model__n_estimators"": 100}",imbalance_weighting
8,4,True,0.9555555555555556,"{""model__learning_rate"": 0.03, ""model__max_depth"": 2, ""model__min_samples_leaf"": 2, ""model__n_estimators"": 50}",imbalance_weighting
9,0,True,0.9388888888888888,"{""model__learning_rate"": 0.03, ""model__max_depth"": 2, ""model__min_samples_leaf"": 2, ""model__n_estimators"": 100}",imbalance_weighting
9,1,True,0.9432098765432099,"{""model__learning_rate"": 0.1, ""model__max_depth"": 2, ""model__min_samples_leaf"": 2, ""model__n_estimators"": 100}",imbalance_weighting
9,2,True,0.8444444444444444,"{""model__learning_rate"": 0.1, ""model__max_depth"": 2, ""model__min_samples_leaf"": 4, ""model__n_estimators"": 100}",imbalance_weighting
9,3,True,0.8833333333333333,"{""model__learning_rate"": 0.1, ""model__max_depth"": 1, ""model__min_samples_leaf"": 2, ""model__n_estimators"": 100}",imbalance_weighting
9,4,True,0.9666666666666667,"{""model__learning_rate"": 0.1, ""model__max_depth"": 2, ""model__min_samples_leaf"": 4, ""model__n_estimators"": 50}",imbalance_weighting
